sample_id,sequence_length,length_category
km_test_0206,16,<400
km_test_0238,20,<400
km_test_1051,24,<400
km_test_0342,27,<400
km_test_2711,40,<400
km_test_1047,72,<400
km_test_0149,85,<400
km_test_2520,86,<400
km_test_0324,91,<400
km_test_1916,96,<400
km_test_0354,99,<400
km_test_2168,104,<400
km_test_0120,105,<400
km_test_2801,120,<400
km_test_1136,122,<400
km_test_0035,126,<400
km_test_0347,132,<400
km_test_2608,132,<400
km_test_2542,132,<400
km_test_0802,133,<400
km_test_2152,134,<400
km_test_2225,136,<400
km_test_0451,136,<400
km_test_0495,137,<400
km_test_0886,139,<400
km_test_1952,139,<400
km_test_0405,140,<400
km_test_1480,140,<400
km_test_1235,140,<400
km_test_0941,140,<400
km_test_2645,141,<400
km_test_1031,141,<400
km_test_2545,142,<400
km_test_2590,143,<400
km_test_1456,143,<400
km_test_1134,143,<400
km_test_0955,146,<400
km_test_1844,147,<400
km_test_2014,148,<400
km_test_1679,148,<400
km_test_1359,149,<400
km_test_1386,149,<400
km_test_0723,150,<400
km_test_0788,150,<400
km_test_2016,150,<400
km_test_2699,150,<400
km_test_1807,151,<400
km_test_1381,151,<400
km_test_0292,151,<400
km_test_0607,151,<400
km_test_2589,151,<400
km_test_1089,152,<400
km_test_1475,152,<400
km_test_1592,152,<400
km_test_0381,153,<400
km_test_0080,154,<400
km_test_1661,154,<400
km_test_0763,154,<400
km_test_2151,154,<400
km_test_1901,154,<400
km_test_1425,154,<400
km_test_0223,154,<400
km_test_1308,155,<400
km_test_2568,156,<400
km_test_0096,156,<400
km_test_0168,157,<400
km_test_0031,157,<400
km_test_0864,157,<400
km_test_0214,158,<400
km_test_1412,159,<400
km_test_0965,159,<400
km_test_2024,159,<400
km_test_2853,159,<400
km_test_1891,159,<400
km_test_2846,159,<400
km_test_2351,160,<400
km_test_0991,160,<400
km_test_1336,161,<400
km_test_0667,161,<400
km_test_2032,162,<400
km_test_2383,162,<400
km_test_0302,162,<400
km_test_2041,162,<400
km_test_1869,163,<400
km_test_1611,163,<400
km_test_0525,164,<400
km_test_2642,166,<400
km_test_0793,166,<400
km_test_0890,166,<400
km_test_2720,166,<400
km_test_0881,167,<400
km_test_1282,168,<400
km_test_0073,168,<400
km_test_2513,168,<400
km_test_2303,168,<400
km_test_2447,169,<400
km_test_0456,169,<400
km_test_0797,169,<400
km_test_0964,169,<400
km_test_1220,170,<400
km_test_0942,170,<400
km_test_2166,172,<400
km_test_1141,174,<400
km_test_2047,175,<400
km_test_1752,176,<400
km_test_1556,176,<400
km_test_0509,177,<400
km_test_1914,178,<400
km_test_0822,178,<400
km_test_0699,178,<400
km_test_2058,179,<400
km_test_0021,181,<400
km_test_1341,181,<400
km_test_1036,181,<400
km_test_0284,181,<400
km_test_2509,182,<400
km_test_0176,182,<400
km_test_2271,182,<400
km_test_0038,183,<400
km_test_1747,184,<400
km_test_0004,184,<400
km_test_0506,184,<400
km_test_2028,184,<400
km_test_1634,185,<400
km_test_0778,185,<400
km_test_0803,185,<400
km_test_0576,186,<400
km_test_1705,187,<400
km_test_2261,187,<400
km_test_0066,188,<400
km_test_1544,188,<400
km_test_0813,188,<400
km_test_1790,188,<400
km_test_1434,189,<400
km_test_1977,190,<400
km_test_1616,190,<400
km_test_1340,190,<400
km_test_0486,190,<400
km_test_1684,191,<400
km_test_1407,192,<400
km_test_1042,192,<400
km_test_1473,192,<400
km_test_0053,192,<400
km_test_0055,192,<400
km_test_1170,192,<400
km_test_2547,194,<400
km_test_1630,194,<400
km_test_0998,194,<400
km_test_2821,194,<400
km_test_0248,196,<400
km_test_2414,196,<400
km_test_1018,197,<400
km_test_0212,197,<400
km_test_0138,198,<400
km_test_0204,199,<400
km_test_2246,200,<400
km_test_1577,200,<400
km_test_0245,200,<400
km_test_2241,200,<400
km_test_0059,200,<400
km_test_1419,201,<400
km_test_2031,201,<400
km_test_1655,201,<400
km_test_2344,201,<400
km_test_1309,201,<400
km_test_2066,201,<400
km_test_2272,201,<400
km_test_1558,202,<400
km_test_1293,202,<400
km_test_2707,202,<400
km_test_0329,204,<400
km_test_1974,204,<400
km_test_2205,205,<400
km_test_2108,205,<400
km_test_2027,206,<400
km_test_2752,206,<400
km_test_2731,206,<400
km_test_1400,206,<400
km_test_0256,206,<400
km_test_2819,206,<400
km_test_2481,206,<400
km_test_1920,206,<400
km_test_2309,206,<400
km_test_1522,206,<400
km_test_2617,207,<400
km_test_0281,207,<400
km_test_0171,207,<400
km_test_1576,207,<400
km_test_2332,208,<400
km_test_0346,208,<400
km_test_0747,208,<400
km_test_1011,208,<400
km_test_2048,208,<400
km_test_1068,208,<400
km_test_0895,208,<400
km_test_2839,209,<400
km_test_1640,209,<400
km_test_1096,210,<400
km_test_0925,211,<400
km_test_2333,211,<400
km_test_1488,211,<400
km_test_2834,211,<400
km_test_0136,211,<400
km_test_2260,211,<400
km_test_1806,211,<400
km_test_1957,211,<400
km_test_2184,211,<400
km_test_2140,212,<400
km_test_0967,212,<400
km_test_1880,212,<400
km_test_2455,212,<400
km_test_0501,212,<400
km_test_1621,212,<400
km_test_0398,212,<400
km_test_0662,213,<400
km_test_1261,213,<400
km_test_2770,213,<400
km_test_0550,213,<400
km_test_2476,214,<400
km_test_1445,214,<400
km_test_2680,215,<400
km_test_0605,215,<400
km_test_0694,217,<400
km_test_2593,217,<400
km_test_1698,217,<400
km_test_1669,217,<400
km_test_0966,218,<400
km_test_1926,218,<400
km_test_1227,218,<400
km_test_2728,219,<400
km_test_0976,219,<400
km_test_1761,219,<400
km_test_1113,219,<400
km_test_0596,219,<400
km_test_2556,219,<400
km_test_2037,219,<400
km_test_1139,220,<400
km_test_0432,220,<400
km_test_0545,220,<400
km_test_0485,220,<400
km_test_1499,220,<400
km_test_0960,220,<400
km_test_0110,220,<400
km_test_0115,220,<400
km_test_2297,220,<400
km_test_0145,220,<400
km_test_2474,220,<400
km_test_1872,220,<400
km_test_1850,221,<400
km_test_0366,222,<400
km_test_1177,223,<400
km_test_2013,223,<400
km_test_2045,223,<400
km_test_0135,223,<400
km_test_1762,223,<400
km_test_2569,224,<400
km_test_2727,224,<400
km_test_0259,224,<400
km_test_2613,224,<400
km_test_2131,224,<400
km_test_2722,224,<400
km_test_0977,224,<400
km_test_0476,225,<400
km_test_0542,225,<400
km_test_2856,226,<400
km_test_0956,226,<400
km_test_0794,226,<400
km_test_2845,226,<400
km_test_0619,226,<400
km_test_2153,226,<400
km_test_2488,226,<400
km_test_2074,227,<400
km_test_1217,227,<400
km_test_1687,227,<400
km_test_1364,227,<400
km_test_0961,227,<400
km_test_0418,227,<400
km_test_1978,228,<400
km_test_2864,228,<400
km_test_1729,229,<400
km_test_1890,229,<400
km_test_2655,229,<400
km_test_2750,229,<400
km_test_1033,229,<400
km_test_1988,229,<400
km_test_0972,229,<400
km_test_1471,229,<400
km_test_1451,229,<400
km_test_0377,230,<400
km_test_2088,230,<400
km_test_1421,231,<400
km_test_0907,231,<400
km_test_2753,231,<400
km_test_2536,231,<400
km_test_2366,231,<400
km_test_0504,232,<400
km_test_2802,232,<400
km_test_1324,232,<400
km_test_0102,233,<400
km_test_1570,233,<400
km_test_1005,234,<400
km_test_0815,234,<400
km_test_0632,234,<400
km_test_1366,234,<400
km_test_1856,235,<400
km_test_2811,235,<400
km_test_2797,235,<400
km_test_2423,237,<400
km_test_1831,237,<400
km_test_2830,237,<400
km_test_0207,239,<400
km_test_0798,239,<400
km_test_1535,239,<400
km_test_1551,239,<400
km_test_0765,239,<400
km_test_0065,240,<400
km_test_0933,240,<400
km_test_0774,240,<400
km_test_2187,240,<400
km_test_0190,240,<400
km_test_2793,240,<400
km_test_2555,241,<400
km_test_1656,242,<400
km_test_2670,243,<400
km_test_1192,243,<400
km_test_0301,243,<400
km_test_0775,243,<400
km_test_1376,243,<400
km_test_1225,243,<400
km_test_1866,243,<400
km_test_1066,244,<400
km_test_1240,244,<400
km_test_0609,244,<400
km_test_2263,244,<400
km_test_0106,244,<400
km_test_0992,244,<400
km_test_0648,244,<400
km_test_0996,244,<400
km_test_1467,244,<400
km_test_0645,244,<400
km_test_1942,244,<400
km_test_0641,244,<400
km_test_1654,245,<400
km_test_0532,245,<400
km_test_2181,245,<400
km_test_2779,245,<400
km_test_1769,246,<400
km_test_2774,246,<400
km_test_1963,246,<400
km_test_1657,246,<400
km_test_1040,247,<400
km_test_2435,247,<400
km_test_1623,248,<400
km_test_1664,248,<400
km_test_1667,248,<400
km_test_0892,248,<400
km_test_2858,248,<400
km_test_0611,248,<400
km_test_0772,248,<400
km_test_1463,248,<400
km_test_2849,248,<400
km_test_2110,249,<400
km_test_1229,249,<400
km_test_0282,249,<400
km_test_2494,249,<400
km_test_0077,249,<400
km_test_1628,249,<400
km_test_0938,249,<400
km_test_0918,249,<400
km_test_1142,249,<400
km_test_1187,249,<400
km_test_0298,249,<400
km_test_2305,249,<400
km_test_1734,249,<400
km_test_1740,250,<400
km_test_0928,250,<400
km_test_1848,250,<400
km_test_1247,250,<400
km_test_2253,250,<400
km_test_0436,250,<400
km_test_2189,250,<400
km_test_2120,251,<400
km_test_1553,251,<400
km_test_0853,251,<400
km_test_1155,251,<400
km_test_0034,251,<400
km_test_0743,252,<400
km_test_2350,252,<400
km_test_0715,252,<400
km_test_0707,252,<400
km_test_2744,252,<400
km_test_2439,252,<400
km_test_2247,252,<400
km_test_0590,253,<400
km_test_0177,253,<400
km_test_0986,253,<400
km_test_1504,253,<400
km_test_2736,253,<400
km_test_1666,253,<400
km_test_1035,253,<400
km_test_0496,253,<400
km_test_0692,253,<400
km_test_0056,254,<400
km_test_2150,254,<400
km_test_1540,254,<400
km_test_1373,254,<400
km_test_0216,254,<400
km_test_0912,254,<400
km_test_0790,254,<400
km_test_1941,254,<400
km_test_2035,255,<400
km_test_1658,255,<400
km_test_0574,255,<400
km_test_2714,255,<400
km_test_1879,255,<400
km_test_1393,255,<400
km_test_2735,256,<400
km_test_0953,256,<400
km_test_0561,256,<400
km_test_0336,256,<400
km_test_1930,256,<400
km_test_0244,256,<400
km_test_2255,256,<400
km_test_1028,256,<400
km_test_1561,256,<400
km_test_0809,256,<400
km_test_2134,256,<400
km_test_0200,257,<400
km_test_0814,257,<400
km_test_1787,257,<400
km_test_2330,257,<400
km_test_0877,257,<400
km_test_1987,257,<400
km_test_0094,257,<400
km_test_0306,257,<400
km_test_1487,257,<400
km_test_0402,257,<400
km_test_0453,257,<400
km_test_1823,257,<400
km_test_1572,257,<400
km_test_1083,257,<400
km_test_2399,257,<400
km_test_0514,257,<400
km_test_2730,257,<400
km_test_1516,257,<400
km_test_2356,258,<400
km_test_1770,258,<400
km_test_0689,258,<400
km_test_0939,259,<400
km_test_0606,259,<400
km_test_0425,259,<400
km_test_0755,260,<400
km_test_0874,260,<400
km_test_0191,260,<400
km_test_0529,260,<400
km_test_0773,260,<400
km_test_1365,260,<400
km_test_2391,260,<400
km_test_1384,260,<400
km_test_0898,261,<400
km_test_0487,261,<400
km_test_2612,261,<400
km_test_1380,261,<400
km_test_2487,261,<400
km_test_2814,261,<400
km_test_0142,261,<400
km_test_0258,261,<400
km_test_1453,262,<400
km_test_1327,262,<400
km_test_0628,262,<400
km_test_1500,262,<400
km_test_2766,262,<400
km_test_0658,262,<400
km_test_1307,262,<400
km_test_2776,262,<400
km_test_1578,262,<400
km_test_2862,262,<400
km_test_2422,262,<400
km_test_1548,262,<400
km_test_1243,263,<400
km_test_2796,263,<400
km_test_1383,263,<400
km_test_2453,263,<400
km_test_1184,263,<400
km_test_1063,264,<400
km_test_2702,264,<400
km_test_0711,264,<400
km_test_1402,264,<400
km_test_0270,264,<400
km_test_2284,264,<400
km_test_1182,265,<400
km_test_0114,265,<400
km_test_0234,265,<400
km_test_2169,266,<400
km_test_2188,266,<400
km_test_2823,266,<400
km_test_1052,266,<400
km_test_1351,266,<400
km_test_1809,266,<400
km_test_2709,266,<400
km_test_1766,266,<400
km_test_2060,266,<400
km_test_2522,266,<400
km_test_2660,266,<400
km_test_2778,267,<400
km_test_0250,267,<400
km_test_0818,267,<400
km_test_0275,267,<400
km_test_0800,267,<400
km_test_0959,267,<400
km_test_0697,268,<400
km_test_1854,268,<400
km_test_1200,268,<400
km_test_0728,268,<400
km_test_1299,268,<400
km_test_1212,269,<400
km_test_0311,269,<400
km_test_1523,269,<400
km_test_1653,269,<400
km_test_0580,269,<400
km_test_0374,269,<400
km_test_0024,269,<400
km_test_2395,269,<400
km_test_1966,269,<400
km_test_1493,269,<400
km_test_1536,269,<400
km_test_2764,270,<400
km_test_1509,270,<400
km_test_0103,270,<400
km_test_1094,270,<400
km_test_2575,270,<400
km_test_0071,270,<400
km_test_2851,270,<400
km_test_0019,270,<400
km_test_1728,270,<400
km_test_2721,271,<400
km_test_0821,271,<400
km_test_1377,271,<400
km_test_0687,272,<400
km_test_0971,272,<400
km_test_0257,272,<400
km_test_1029,272,<400
km_test_1909,272,<400
km_test_1646,272,<400
km_test_2719,272,<400
km_test_1839,273,<400
km_test_2646,273,<400
km_test_2540,273,<400
km_test_1146,273,<400
km_test_2318,273,<400
km_test_1776,274,<400
km_test_1627,274,<400
km_test_1893,274,<400
km_test_2176,275,<400
km_test_0364,275,<400
km_test_0117,275,<400
km_test_2172,276,<400
km_test_0458,276,<400
km_test_0160,276,<400
km_test_1550,276,<400
km_test_1709,276,<400
km_test_0914,277,<400
km_test_0732,277,<400
km_test_2069,277,<400
km_test_2428,277,<400
km_test_2715,277,<400
km_test_0839,278,<400
km_test_2259,278,<400
km_test_1081,278,<400
km_test_1104,278,<400
km_test_0060,278,<400
km_test_2413,278,<400
km_test_2822,278,<400
km_test_1085,278,<400
km_test_2807,278,<400
km_test_2812,278,<400
km_test_2258,279,<400
km_test_0786,279,<400
km_test_2065,279,<400
km_test_1835,279,<400
km_test_2274,279,<400
km_test_1121,280,<400
km_test_1994,280,<400
km_test_1745,280,<400
km_test_2808,280,<400
km_test_0192,280,<400
km_test_1343,280,<400
km_test_1876,280,<400
km_test_2148,280,<400
km_test_2183,280,<400
km_test_0947,281,<400
km_test_1215,281,<400
km_test_2795,281,<400
km_test_2091,281,<400
km_test_1357,281,<400
km_test_2338,282,<400
km_test_0785,282,<400
km_test_0810,282,<400
km_test_2122,282,<400
km_test_2637,282,<400
km_test_0703,282,<400
km_test_1115,283,<400
km_test_1944,283,<400
km_test_2559,283,<400
km_test_1007,283,<400
km_test_2444,283,<400
km_test_0289,283,<400
km_test_0063,283,<400
km_test_2636,283,<400
km_test_1506,283,<400
km_test_2139,283,<400
km_test_2115,283,<400
km_test_2042,284,<400
km_test_0870,284,<400
km_test_1175,284,<400
km_test_0290,284,<400
km_test_0481,284,<400
km_test_0566,285,<400
km_test_0753,285,<400
km_test_1733,285,<400
km_test_1659,285,<400
km_test_1468,285,<400
km_test_2165,285,<400
km_test_1564,286,<400
km_test_0731,286,<400
km_test_2544,286,<400
km_test_1228,286,<400
km_test_0195,286,<400
km_test_0174,286,<400
km_test_0188,286,<400
km_test_0984,286,<400
km_test_0072,286,<400
km_test_0239,286,<400
km_test_0372,286,<400
km_test_0280,286,<400
km_test_1303,286,<400
km_test_1985,286,<400
km_test_2354,287,<400
km_test_1013,287,<400
km_test_1584,288,<400
km_test_1908,288,<400
km_test_0993,288,<400
km_test_2160,288,<400
km_test_0378,288,<400
km_test_1411,288,<400
km_test_1860,289,<400
km_test_0042,289,<400
km_test_0235,289,<400
km_test_1652,289,<400
km_test_0442,289,<400
km_test_1585,289,<400
km_test_1804,289,<400
km_test_0883,289,<400
km_test_0179,289,<400
km_test_1754,289,<400
km_test_1511,289,<400
km_test_1717,289,<400
km_test_1161,289,<400
km_test_1002,289,<400
km_test_2159,290,<400
km_test_2477,290,<400
km_test_1305,290,<400
km_test_0233,290,<400
km_test_2596,290,<400
km_test_1673,290,<400
km_test_1573,290,<400
km_test_0936,291,<400
km_test_2121,291,<400
km_test_1935,291,<400
km_test_1686,291,<400
km_test_1027,291,<400
km_test_2504,291,<400
km_test_1595,291,<400
km_test_2017,291,<400
km_test_0615,291,<400
km_test_0309,291,<400
km_test_2466,291,<400
km_test_2732,291,<400
km_test_1947,292,<400
km_test_2116,292,<400
km_test_0466,292,<400
km_test_1044,292,<400
km_test_0855,292,<400
km_test_0721,292,<400
km_test_1138,292,<400
km_test_1526,292,<400
km_test_2538,293,<400
km_test_1430,293,<400
km_test_0903,293,<400
km_test_0990,293,<400
km_test_0370,293,<400
km_test_2859,293,<400
km_test_2269,293,<400
km_test_1416,294,<400
km_test_1397,294,<400
km_test_0758,294,<400
km_test_2844,294,<400
km_test_0517,294,<400
km_test_1882,295,<400
km_test_1650,295,<400
km_test_1432,295,<400
km_test_2653,295,<400
km_test_0911,295,<400
km_test_1999,295,<400
km_test_1711,295,<400
km_test_0119,295,<400
km_test_0672,295,<400
km_test_2063,295,<400
km_test_1101,295,<400
km_test_0660,295,<400
km_test_0888,295,<400
km_test_1390,296,<400
km_test_2233,296,<400
km_test_0156,296,<400
km_test_0067,296,<400
km_test_2193,296,<400
km_test_2126,297,<400
km_test_1193,297,<400
km_test_2353,297,<400
km_test_0588,297,<400
km_test_2211,297,<400
km_test_0030,297,<400
km_test_0768,297,<400
km_test_1631,297,<400
km_test_2324,297,<400
km_test_0551,297,<400
km_test_0009,298,<400
km_test_2828,298,<400
km_test_2283,298,<400
km_test_2285,298,<400
km_test_0706,298,<400
km_test_1849,298,<400
km_test_2239,298,<400
km_test_2581,298,<400
km_test_1951,298,<400
km_test_0128,298,<400
km_test_2077,298,<400
km_test_0937,298,<400
km_test_0340,298,<400
km_test_2111,298,<400
km_test_0564,299,<400
km_test_1949,299,<400
km_test_2135,299,<400
km_test_0612,299,<400
km_test_1781,299,<400
km_test_2420,299,<400
km_test_0330,299,<400
km_test_1472,299,<400
km_test_2495,299,<400
km_test_1460,299,<400
km_test_1810,299,<400
km_test_0222,299,<400
km_test_0670,299,<400
km_test_0665,299,<400
km_test_1587,299,<400
km_test_0713,299,<400
km_test_1701,299,<400
km_test_1802,299,<400
km_test_2710,299,<400
km_test_1476,299,<400
km_test_2311,300,<400
km_test_1362,300,<400
km_test_2635,300,<400
km_test_1549,300,<400
km_test_1313,300,<400
km_test_2620,300,<400
km_test_0776,301,<400
km_test_1331,301,<400
km_test_2223,301,<400
km_test_0819,301,<400
km_test_1396,301,<400
km_test_2080,301,<400
km_test_1347,301,<400
km_test_1515,302,<400
km_test_1202,302,<400
km_test_2300,302,<400
km_test_0544,302,<400
km_test_1274,302,<400
km_test_1410,302,<400
km_test_0296,303,<400
km_test_2459,303,<400
km_test_0653,303,<400
km_test_1335,303,<400
km_test_2191,303,<400
km_test_2803,303,<400
km_test_1601,303,<400
km_test_0268,304,<400
km_test_0717,304,<400
km_test_1482,304,<400
km_test_2130,304,<400
km_test_2611,304,<400
km_test_1370,304,<400
km_test_0879,304,<400
km_test_1636,304,<400
km_test_0390,304,<400
km_test_1545,305,<400
km_test_1269,305,<400
km_test_0512,305,<400
km_test_0146,305,<400
km_test_2228,305,<400
km_test_0084,305,<400
km_test_0005,305,<400
km_test_0583,305,<400
km_test_0036,305,<400
km_test_1349,306,<400
km_test_1326,306,<400
km_test_1613,306,<400
km_test_2683,306,<400
km_test_1691,307,<400
km_test_0144,307,<400
km_test_1625,307,<400
km_test_0826,307,<400
km_test_2155,307,<400
km_test_0637,307,<400
km_test_0871,307,<400
km_test_2674,307,<400
km_test_2394,307,<400
km_test_0832,308,<400
km_test_0010,308,<400
km_test_0533,308,<400
km_test_2599,308,<400
km_test_1207,308,<400
km_test_1990,308,<400
km_test_2686,309,<400
km_test_1320,309,<400
km_test_2004,309,<400
km_test_2207,309,<400
km_test_1374,309,<400
km_test_2056,309,<400
km_test_2289,309,<400
km_test_0546,309,<400
km_test_2059,310,<400
km_test_1883,310,<400
km_test_0657,310,<400
km_test_1034,310,<400
km_test_2768,310,<400
km_test_2252,310,<400
km_test_2106,310,<400
km_test_0246,311,<400
km_test_0399,311,<400
km_test_0253,311,<400
km_test_1642,311,<400
km_test_2769,311,<400
km_test_0700,311,<400
km_test_0201,311,<400
km_test_1725,311,<400
km_test_2050,311,<400
km_test_0277,311,<400
km_test_2780,311,<400
km_test_1794,311,<400
km_test_0460,311,<400
km_test_0181,311,<400
km_test_2204,311,<400
km_test_1997,311,<400
km_test_0015,311,<400
km_test_2848,311,<400
km_test_0064,311,<400
km_test_2829,311,<400
km_test_1958,311,<400
km_test_1633,312,<400
km_test_2277,312,<400
km_test_2574,312,<400
km_test_2113,313,<400
km_test_2606,313,<400
km_test_0429,313,<400
km_test_2516,313,<400
km_test_1457,313,<400
km_test_2018,313,<400
km_test_1321,313,<400
km_test_2286,313,<400
km_test_0885,313,<400
km_test_1663,313,<400
km_test_1676,313,<400
km_test_0650,314,<400
km_test_0134,314,<400
km_test_2610,314,<400
km_test_2281,314,<400
km_test_2104,314,<400
km_test_1862,314,<400
km_test_1649,314,<400
km_test_2388,314,<400
km_test_1250,314,<400
km_test_0652,314,<400
km_test_2304,314,<400
km_test_1162,314,<400
km_test_1378,314,<400
km_test_0603,314,<400
km_test_2296,314,<400
km_test_0935,314,<400
km_test_0541,314,<400
km_test_0931,314,<400
km_test_2282,314,<400
km_test_1009,314,<400
km_test_0560,315,<400
km_test_1841,315,<400
km_test_1991,315,<400
km_test_0710,315,<400
km_test_2427,315,<400
km_test_1103,315,<400
km_test_0876,316,<400
km_test_0457,316,<400
km_test_1786,316,<400
km_test_0104,316,<400
km_test_2294,316,<400
km_test_2308,316,<400
km_test_0537,316,<400
km_test_1180,316,<400
km_test_2092,317,<400
km_test_1319,317,<400
km_test_0461,317,<400
km_test_1124,317,<400
km_test_2602,317,<400
km_test_2397,317,<400
km_test_0348,317,<400
km_test_2464,317,<400
km_test_2081,317,<400
km_test_1727,318,<400
km_test_2805,318,<400
km_test_1435,318,<400
km_test_0339,318,<400
km_test_2206,318,<400
km_test_1213,318,<400
km_test_2293,318,<400
km_test_1485,318,<400
km_test_0098,319,<400
km_test_1395,319,<400
km_test_1379,319,<400
km_test_0760,319,<400
km_test_0219,319,<400
km_test_2299,320,<400
km_test_0112,320,<400
km_test_2380,320,<400
km_test_1847,320,<400
km_test_0269,320,<400
km_test_1598,320,<400
km_test_1436,320,<400
km_test_2405,320,<400
km_test_1531,320,<400
km_test_2605,320,<400
km_test_1929,321,<400
km_test_1058,321,<400
km_test_1507,321,<400
km_test_2348,322,<400
km_test_0807,322,<400
km_test_1317,322,<400
km_test_0263,322,<400
km_test_0375,322,<400
km_test_1026,322,<400
km_test_2334,322,<400
km_test_1714,322,<400
km_test_1514,322,<400
km_test_1965,323,<400
km_test_2855,323,<400
km_test_2850,323,<400
km_test_1417,323,<400
km_test_0088,323,<400
km_test_1620,323,<400
km_test_0287,323,<400
km_test_1868,323,<400
km_test_1000,323,<400
km_test_2101,323,<400
km_test_0123,323,<400
km_test_0860,323,<400
km_test_0314,323,<400
km_test_0777,323,<400
km_test_0357,323,<400
km_test_2673,323,<400
km_test_2468,323,<400
km_test_0708,323,<400
km_test_0283,323,<400
km_test_2360,323,<400
km_test_1232,323,<400
km_test_0522,323,<400
km_test_0924,323,<400
km_test_2585,323,<400
km_test_2231,323,<400
km_test_1156,323,<400
km_test_2573,323,<400
km_test_0480,323,<400
km_test_1126,323,<400
km_test_2650,323,<400
km_test_1685,323,<400
km_test_2492,324,<400
km_test_0834,324,<400
km_test_1408,324,<400
km_test_1639,324,<400
km_test_2746,324,<400
km_test_0570,324,<400
km_test_2194,325,<400
km_test_0946,325,<400
km_test_2279,325,<400
km_test_2500,325,<400
km_test_2809,325,<400
km_test_2473,326,<400
km_test_0194,326,<400
km_test_1278,326,<400
km_test_0363,326,<400
km_test_0028,326,<400
km_test_0884,326,<400
km_test_1913,326,<400
km_test_2007,327,<400
km_test_2363,327,<400
km_test_2229,327,<400
km_test_1171,327,<400
km_test_0624,327,<400
km_test_2552,327,<400
km_test_1775,327,<400
km_test_1992,328,<400
km_test_2716,328,<400
km_test_2064,328,<400
km_test_0455,328,<400
km_test_2658,328,<400
km_test_0124,328,<400
km_test_1647,328,<400
km_test_1284,329,<400
km_test_0528,329,<400
km_test_0057,329,<400
km_test_0051,329,<400
km_test_0291,329,<400
km_test_1086,329,<400
km_test_1254,329,<400
km_test_1874,329,<400
km_test_2224,329,<400
km_test_2349,329,<400
km_test_0725,330,<400
km_test_1118,330,<400
km_test_2462,330,<400
km_test_2431,330,<400
km_test_0644,330,<400
km_test_2424,331,<400
km_test_0213,331,<400
km_test_2416,331,<400
km_test_2767,331,<400
km_test_1287,331,<400
km_test_1368,331,<400
km_test_0844,331,<400
km_test_2378,331,<400
km_test_1680,332,<400
km_test_2505,332,<400
km_test_1415,332,<400
km_test_0074,332,<400
km_test_1813,332,<400
km_test_0475,332,<400
km_test_1337,333,<400
km_test_1446,333,<400
km_test_1812,333,<400
km_test_2580,333,<400
km_test_1067,333,<400
km_test_0368,333,<400
km_test_2483,333,<400
km_test_2389,333,<400
km_test_0534,333,<400
km_test_2624,333,<400
km_test_0022,333,<400
km_test_1442,333,<400
km_test_1816,333,<400
km_test_1014,333,<400
km_test_2419,333,<400
km_test_2436,333,<400
km_test_0151,333,<400
km_test_1938,333,<400
km_test_0784,333,<400
km_test_1403,333,<400
km_test_1186,333,<400
km_test_2409,334,<400
km_test_1600,334,<400
km_test_0350,334,<400
km_test_0039,334,<400
km_test_0854,334,<400
km_test_1249,334,<400
km_test_1073,335,<400
km_test_1459,335,<400
km_test_0170,335,<400
km_test_0360,335,<400
km_test_2572,335,<400
km_test_1128,335,<400
km_test_1912,335,<400
km_test_2054,335,<400
km_test_2810,335,<400
km_test_0492,335,<400
km_test_2600,335,<400
km_test_0526,336,<400
km_test_1173,336,<400
km_test_2583,336,<400
km_test_1127,336,<400
km_test_1768,336,<400
km_test_1350,337,<400
km_test_2236,337,<400
km_test_1158,337,<400
km_test_2292,337,<400
km_test_1530,337,<400
km_test_1763,337,<400
km_test_2563,337,<400
km_test_2539,337,<400
km_test_2336,337,<400
km_test_1371,337,<400
km_test_0867,337,<400
km_test_0742,337,<400
km_test_2659,338,<400
km_test_2345,338,<400
km_test_0943,338,<400
km_test_2040,338,<400
km_test_1782,338,<400
km_test_1428,338,<400
km_test_2527,338,<400
km_test_2275,338,<400
km_test_0629,338,<400
km_test_1915,338,<400
km_test_0872,338,<400
km_test_1399,338,<400
km_test_1870,338,<400
km_test_0139,338,<400
km_test_0165,338,<400
km_test_1976,338,<400
km_test_0878,339,<400
km_test_1836,339,<400
km_test_0901,339,<400
km_test_1045,339,<400
km_test_0736,339,<400
km_test_0635,339,<400
km_test_1426,339,<400
km_test_1830,339,<400
km_test_0220,340,<400
km_test_2347,340,<400
km_test_1264,340,<400
km_test_2437,340,<400
km_test_2240,340,<400
km_test_2127,340,<400
km_test_1140,340,<400
km_test_2429,340,<400
km_test_1984,340,<400
km_test_1624,341,<400
km_test_2523,341,<400
km_test_2404,341,<400
km_test_0746,341,<400
km_test_2020,341,<400
km_test_0795,342,<400
km_test_1077,342,<400
km_test_0716,342,<400
km_test_0756,342,<400
km_test_0255,342,<400
km_test_2237,342,<400
km_test_0850,342,<400
km_test_0630,342,<400
km_test_1236,342,<400
km_test_0674,342,<400
km_test_0766,342,<400
km_test_2103,342,<400
km_test_0092,342,<400
km_test_1297,342,<400
km_test_0951,342,<400
km_test_1803,342,<400
km_test_1737,342,<400
km_test_2619,342,<400
km_test_1117,342,<400
km_test_0563,342,<400
km_test_1064,343,<400
km_test_2840,344,<400
km_test_1612,344,<400
km_test_0078,344,<400
km_test_0089,344,<400
km_test_2329,344,<400
km_test_1743,344,<400
km_test_1581,344,<400
km_test_1363,344,<400
km_test_2341,344,<400
km_test_2185,345,<400
km_test_0050,345,<400
km_test_2008,345,<400
km_test_1470,345,<400
km_test_1404,345,<400
km_test_1864,345,<400
km_test_0791,345,<400
km_test_0247,345,<400
km_test_2501,345,<400
km_test_0968,345,<400
km_test_2083,345,<400
km_test_1172,345,<400
km_test_1519,345,<400
km_test_1398,346,<400
km_test_0356,346,<400
km_test_2156,346,<400
km_test_0749,346,<400
km_test_1887,346,<400
km_test_1783,346,<400
km_test_0440,346,<400
km_test_0469,346,<400
km_test_0237,346,<400
km_test_2601,346,<400
km_test_0006,347,<400
km_test_2410,347,<400
km_test_0040,347,<400
km_test_2558,347,<400
km_test_1828,347,<400
km_test_1122,347,<400
km_test_2157,347,<400
km_test_2022,347,<400
km_test_1258,347,<400
km_test_2202,347,<400
km_test_1465,347,<400
km_test_2708,347,<400
km_test_1053,347,<400
km_test_0656,348,<400
km_test_2051,348,<400
km_test_2212,348,<400
km_test_1039,348,<400
km_test_2594,348,<400
km_test_0880,348,<400
km_test_2460,348,<400
km_test_0240,348,<400
km_test_0754,348,<400
km_test_2440,349,<400
km_test_0023,349,<400
km_test_2761,349,<400
km_test_2029,349,<400
km_test_1724,349,<400
km_test_0828,350,<400
km_test_0684,350,<400
km_test_1144,350,<400
km_test_0208,350,<400
km_test_2117,350,<400
km_test_1290,350,<400
km_test_0300,350,<400
km_test_1961,351,<400
km_test_1221,351,<400
km_test_2532,352,<400
km_test_1361,352,<400
km_test_1197,352,<400
km_test_1798,352,<400
km_test_1082,352,<400
km_test_0548,353,<400
km_test_2171,353,<400
km_test_2075,353,<400
km_test_2794,353,<400
km_test_1764,354,<400
km_test_2815,354,<400
km_test_2733,354,<400
km_test_0070,354,<400
km_test_0148,354,<400
km_test_2320,354,<400
km_test_0210,355,<400
km_test_1342,355,<400
km_test_2343,355,<400
km_test_2147,355,<400
km_test_1050,355,<400
km_test_2438,355,<400
km_test_0836,355,<400
km_test_1226,355,<400
km_test_2033,355,<400
km_test_1438,355,<400
km_test_2280,355,<400
km_test_1923,355,<400
km_test_0547,355,<400
km_test_2458,355,<400
km_test_1928,355,<400
km_test_1316,355,<400
km_test_2621,356,<400
km_test_2804,356,<400
km_test_2030,356,<400
km_test_2564,356,<400
km_test_0949,356,<400
km_test_0197,356,<400
km_test_2739,356,<400
km_test_0894,356,<400
km_test_1851,356,<400
km_test_2352,356,<400
km_test_0392,357,<400
km_test_2003,357,<400
km_test_2726,357,<400
km_test_0162,357,<400
km_test_2669,357,<400
km_test_2514,357,<400
km_test_2408,358,<400
km_test_0825,358,<400
km_test_1454,358,<400
km_test_0835,358,<400
km_test_0681,358,<400
km_test_1152,358,<400
km_test_1795,358,<400
km_test_0511,359,<400
km_test_1982,359,<400
km_test_1800,359,<400
km_test_0513,359,<400
km_test_1981,359,<400
km_test_2273,359,<400
km_test_2417,359,<400
km_test_1255,359,<400
km_test_1897,359,<400
km_test_2528,359,<400
km_test_2777,359,<400
km_test_2784,359,<400
km_test_2524,359,<400
km_test_0027,359,<400
km_test_2700,359,<400
km_test_2729,359,<400
km_test_0910,359,<400
km_test_2496,359,<400
km_test_2861,359,<400
km_test_2102,359,<400
km_test_1498,360,<400
km_test_0334,360,<400
km_test_2266,360,<400
km_test_2470,360,<400
km_test_2706,360,<400
km_test_1149,361,<400
km_test_1696,361,<400
km_test_2451,361,<400
km_test_0730,361,<400
km_test_1567,361,<400
km_test_1925,361,<400
km_test_2407,362,<400
km_test_0337,362,<400
km_test_0518,362,<400
km_test_1353,362,<400
km_test_0582,362,<400
km_test_2781,362,<400
km_test_2006,363,<400
km_test_0068,363,<400
km_test_1281,363,<400
km_test_0470,363,<400
km_test_2306,363,<400
km_test_0231,363,<400
km_test_0315,363,<400
km_test_0132,363,<400
km_test_0157,363,<400
km_test_2482,363,<400
km_test_1076,363,<400
km_test_0997,363,<400
km_test_1413,363,<400
km_test_0889,363,<400
km_test_1176,364,<400
km_test_2335,364,<400
km_test_0554,364,<400
km_test_1626,364,<400
km_test_0759,364,<400
km_test_1894,364,<400
km_test_1533,364,<400
km_test_1427,364,<400
km_test_1732,364,<400
km_test_1251,364,<400
km_test_0326,364,<400
km_test_0384,364,<400
km_test_0861,364,<400
km_test_1671,364,<400
km_test_0843,364,<400
km_test_0865,364,<400
km_test_0899,364,<400
km_test_0897,364,<400
km_test_1422,364,<400
km_test_2396,364,<400
km_test_0046,364,<400
km_test_2114,364,<400
km_test_0052,365,<400
km_test_0108,365,<400
km_test_0823,365,<400
km_test_0896,365,<400
km_test_2154,365,<400
km_test_0740,365,<400
km_test_2250,365,<400
km_test_1720,365,<400
km_test_0979,365,<400
km_test_0519,365,<400
km_test_1478,366,<400
km_test_1328,366,<400
km_test_2443,366,<400
km_test_0225,366,<400
km_test_0409,366,<400
km_test_2773,366,<400
km_test_2817,367,<400
km_test_2291,367,<400
km_test_0963,367,<400
km_test_2667,367,<400
km_test_1833,367,<400
km_test_1489,367,<400
km_test_1098,367,<400
km_test_0254,367,<400
km_test_0137,367,<400
km_test_2449,367,<400
km_test_0153,367,<400
km_test_0661,367,<400
km_test_0698,367,<400
km_test_1116,367,<400
km_test_0401,367,<400
km_test_1099,368,<400
km_test_0654,368,<400
km_test_0719,368,<400
km_test_1635,368,<400
km_test_2512,368,<400
km_test_1032,368,<400
km_test_1936,368,<400
km_test_1263,368,<400
km_test_1502,368,<400
km_test_2758,368,<400
km_test_1338,368,<400
km_test_2835,368,<400
km_test_0310,368,<400
km_test_0058,368,<400
km_test_2685,368,<400
km_test_2426,368,<400
km_test_1385,368,<400
km_test_2607,368,<400
km_test_2085,368,<400
km_test_2535,369,<400
km_test_1262,369,<400
km_test_2218,369,<400
km_test_2847,369,<400
km_test_1330,369,<400
km_test_1959,369,<400
km_test_2445,369,<400
km_test_2618,369,<400
km_test_2638,369,<400
km_test_1334,370,<400
km_test_0321,370,<400
km_test_1510,370,<400
km_test_2525,370,<400
km_test_0917,370,<400
km_test_1937,370,<400
km_test_2123,370,<400
km_test_2365,370,<400
km_test_1710,371,<400
km_test_2061,371,<400
km_test_1713,371,<400
km_test_1660,371,<400
km_test_1111,371,<400
km_test_1129,372,<400
km_test_0437,372,<400
km_test_2597,372,<400
km_test_0435,372,<400
km_test_0520,373,<400
km_test_2738,373,<400
km_test_0389,373,<400
km_test_1735,373,<400
km_test_1355,373,<400
km_test_2197,373,<400
km_test_0640,373,<400
km_test_0558,373,<400
km_test_0679,374,<400
km_test_1552,374,<400
km_test_0669,374,<400
km_test_0940,374,<400
km_test_0909,374,<400
km_test_0468,374,<400
km_test_2584,374,<400
km_test_2791,374,<400
km_test_1344,375,<400
km_test_2411,375,<400
km_test_0904,375,<400
km_test_1900,375,<400
km_test_0781,375,<400
km_test_0572,375,<400
km_test_1690,375,<400
km_test_2688,375,<400
km_test_2554,375,<400
km_test_0221,375,<400
km_test_1302,376,<400
km_test_0597,376,<400
km_test_2549,376,<400
km_test_0358,376,<400
km_test_2141,376,<400
km_test_1838,376,<400
km_test_0367,376,<400
km_test_2557,376,<400
km_test_1490,377,<400
km_test_2442,377,<400
km_test_2044,377,<400
km_test_2098,378,<400
km_test_2836,378,<400
km_test_2192,379,<400
km_test_1061,379,<400
km_test_1881,379,<400
km_test_1760,379,<400
km_test_2463,379,<400
km_test_2666,380,<400
km_test_2570,380,<400
km_test_1059,380,<400
km_test_1078,380,<400
km_test_2697,380,<400
km_test_0816,381,<400
km_test_0127,381,<400
km_test_0443,381,<400
km_test_1181,381,<400
km_test_0863,381,<400
km_test_2398,381,<400
km_test_1751,381,<400
km_test_1704,381,<400
km_test_2314,381,<400
km_test_1904,381,<400
km_test_2490,382,<400
km_test_1006,382,<400
km_test_1742,382,<400
km_test_2093,383,<400
km_test_0294,383,<400
km_test_1179,383,<400
km_test_0671,383,<400
km_test_1969,383,<400
km_test_0837,383,<400
km_test_2100,383,<400
km_test_0090,384,<400
km_test_0236,384,<400
km_test_0147,384,<400
km_test_2132,384,<400
km_test_1406,384,<400
km_test_1093,384,<400
km_test_1070,385,<400
km_test_0489,385,<400
km_test_0450,385,<400
km_test_2587,385,<400
km_test_2479,385,<400
km_test_2678,385,<400
km_test_0075,385,<400
km_test_2499,385,<400
km_test_2019,386,<400
km_test_2249,386,<400
km_test_1112,386,<400
km_test_1245,386,<400
km_test_1681,386,<400
km_test_2203,386,<400
km_test_0438,386,<400
km_test_2400,386,<400
km_test_2364,386,<400
km_test_2158,386,<400
km_test_1214,386,<400
km_test_0424,387,<400
km_test_2578,387,<400
km_test_0008,387,<400
km_test_2087,387,<400
km_test_0701,387,<400
km_test_2012,387,<400
km_test_0655,387,<400
km_test_0261,387,<400
km_test_1513,387,<400
km_test_1275,387,<400
km_test_2586,388,<400
km_test_1889,388,<400
km_test_0493,388,<400
km_test_0915,388,<400
km_test_2180,388,<400
km_test_1542,388,<400
km_test_1291,389,<400
km_test_1675,389,<400
km_test_0345,389,<400
km_test_1148,389,<400
km_test_2679,389,<400
km_test_0349,389,<400
km_test_1481,389,<400
km_test_0676,389,<400
km_test_1723,389,<400
km_test_2541,389,<400
km_test_0859,389,<400
km_test_0983,389,<400
km_test_0737,389,<400
km_test_0229,389,<400
km_test_0422,389,<400
km_test_1154,390,<400
km_test_1683,390,<400
km_test_2741,390,<400
km_test_1586,390,<400
km_test_1231,391,<400
km_test_1566,391,<400
km_test_0757,391,<400
km_test_1333,391,<400
km_test_1315,392,<400
km_test_1744,392,<400
km_test_1759,392,<400
km_test_1072,392,<400
km_test_1933,392,<400
km_test_0252,392,<400
km_test_0267,392,<400
km_test_2603,392,<400
km_test_1571,392,<400
km_test_0045,392,<400
km_test_1722,392,<400
km_test_0498,392,<400
km_test_2724,393,<400
km_test_0097,393,<400
km_test_2359,393,<400
km_test_0683,393,<400
km_test_0154,393,<400
km_test_2510,393,<400
km_test_2251,393,<400
km_test_0205,393,<400
km_test_1896,393,<400
km_test_0362,393,<400
km_test_1041,393,<400
km_test_0264,394,<400
km_test_2371,394,<400
km_test_1771,394,<400
km_test_0448,394,<400
km_test_1167,394,<400
km_test_0400,394,<400
km_test_0950,395,<400
km_test_2245,395,<400
km_test_1295,395,<400
km_test_1257,395,<400
km_test_0714,396,<400
km_test_1878,396,<400
km_test_0361,396,<400
km_test_1730,396,<400
km_test_0095,396,<400
km_test_0627,396,<400
km_test_2268,396,<400
km_test_1267,396,<400
km_test_1223,396,<400
km_test_2316,397,<400
km_test_2566,397,<400
km_test_0571,397,<400
km_test_2177,397,<400
km_test_1259,397,<400
km_test_0796,397,<400
km_test_2071,397,<400
km_test_1917,398,<400
km_test_0678,398,<400
km_test_1100,398,<400
km_test_2820,398,<400
km_test_1559,398,<400
km_test_1948,398,<400
km_test_2235,398,<400
km_test_0459,398,<400
km_test_1582,398,<400
km_test_2609,398,<400
km_test_0922,398,<400
km_test_2530,398,<400
km_test_0129,399,<400
km_test_1097,399,<400
km_test_1865,399,<400
km_test_0568,399,<400
km_test_2682,399,<400
km_test_0932,399,<400
km_test_1755,400,400-500
km_test_1001,400,400-500
km_test_0428,400,400-500
km_test_0415,400,400-500
km_test_2107,401,400-500
km_test_2478,401,400-500
km_test_2591,401,400-500
km_test_2195,401,400-500
km_test_1703,402,400-500
km_test_2506,402,400-500
km_test_0278,402,400-500
km_test_2221,403,400-500
km_test_1325,403,400-500
km_test_0488,403,400-500
km_test_0556,403,400-500
km_test_0414,403,400-500
km_test_1153,403,400-500
km_test_2005,403,400-500
km_test_0387,403,400-500
km_test_0744,403,400-500
km_test_1962,403,400-500
km_test_1163,404,400-500
km_test_1902,404,400-500
km_test_2070,404,400-500
km_test_1622,404,400-500
km_test_1469,404,400-500
km_test_2015,404,400-500
km_test_1024,405,400-500
km_test_0524,405,400-500
km_test_2786,405,400-500
km_test_0126,406,400-500
km_test_1276,406,400-500
km_test_1265,406,400-500
km_test_2323,406,400-500
km_test_0343,406,400-500
km_test_0198,406,400-500
km_test_1447,407,400-500
km_test_0433,407,400-500
km_test_0830,407,400-500
km_test_1183,407,400-500
km_test_2376,407,400-500
km_test_0473,407,400-500
km_test_2751,407,400-500
km_test_2841,407,400-500
km_test_0044,407,400-500
km_test_2748,408,400-500
km_test_2163,408,400-500
km_test_0312,408,400-500
km_test_1857,408,400-500
km_test_0332,408,400-500
km_test_1242,408,400-500
km_test_0101,408,400-500
km_test_0266,408,400-500
km_test_1557,408,400-500
km_test_1608,408,400-500
km_test_0994,408,400-500
km_test_0913,408,400-500
km_test_2226,408,400-500
km_test_1629,408,400-500
km_test_0016,409,400-500
km_test_0490,409,400-500
km_test_1196,410,400-500
km_test_0805,410,400-500
km_test_0196,410,400-500
km_test_2763,410,400-500
km_test_0527,410,400-500
km_test_1323,410,400-500
km_test_2598,410,400-500
km_test_1757,410,400-500
km_test_2592,410,400-500
km_test_1022,410,400-500
km_test_1211,410,400-500
km_test_2604,411,400-500
km_test_2182,411,400-500
km_test_2089,411,400-500
km_test_2551,412,400-500
km_test_2734,412,400-500
km_test_1746,412,400-500
km_test_2640,412,400-500
km_test_0709,412,400-500
km_test_0869,413,400-500
km_test_0260,413,400-500
km_test_1174,413,400-500
km_test_2723,413,400-500
km_test_1008,413,400-500
km_test_2457,414,400-500
km_test_1450,414,400-500
km_test_1046,414,400-500
km_test_2321,414,400-500
km_test_0642,414,400-500
km_test_1464,414,400-500
km_test_2567,414,400-500
km_test_2860,414,400-500
km_test_2825,415,400-500
km_test_0693,415,400-500
km_test_0978,415,400-500
km_test_2627,415,400-500
km_test_0099,415,400-500
km_test_2742,415,400-500
km_test_1285,415,400-500
km_test_0608,416,400-500
km_test_1605,416,400-500
km_test_1863,416,400-500
km_test_1501,417,400-500
km_test_1304,417,400-500
km_test_2227,417,400-500
km_test_1748,417,400-500
km_test_1692,417,400-500
km_test_0091,418,400-500
km_test_1414,418,400-500
km_test_1774,418,400-500
km_test_1945,418,400-500
km_test_1867,418,400-500
km_test_2161,418,400-500
km_test_1203,420,400-500
km_test_0417,420,400-500
km_test_2664,420,400-500
km_test_1348,420,400-500
km_test_1292,420,400-500
km_test_2456,420,400-500
km_test_0862,420,400-500
km_test_0906,420,400-500
km_test_1418,420,400-500
km_test_0133,420,400-500
km_test_1967,421,400-500
km_test_0887,421,400-500
km_test_0454,421,400-500
km_test_0750,421,400-500
km_test_1688,421,400-500
km_test_2214,421,400-500
km_test_0995,421,400-500
km_test_2771,421,400-500
km_test_2213,421,400-500
km_test_2375,422,400-500
km_test_0029,422,400-500
km_test_1109,422,400-500
km_test_0317,422,400-500
km_test_1222,422,400-500
km_test_0748,422,400-500
km_test_0638,422,400-500
km_test_2649,422,400-500
km_test_1449,422,400-500
km_test_0989,423,400-500
km_test_1339,423,400-500
km_test_1818,423,400-500
km_test_2175,423,400-500
km_test_1106,423,400-500
km_test_2393,424,400-500
km_test_1919,424,400-500
km_test_1266,424,400-500
km_test_1455,424,400-500
km_test_0441,424,400-500
km_test_2672,424,400-500
km_test_0557,424,400-500
km_test_1695,425,400-500
km_test_2073,425,400-500
km_test_2248,425,400-500
km_test_0288,425,400-500
km_test_1518,425,400-500
km_test_2200,425,400-500
km_test_2461,426,400-500
km_test_1699,427,400-500
km_test_1832,427,400-500
km_test_0578,427,400-500
km_test_0680,427,400-500
km_test_0359,427,400-500
km_test_0295,427,400-500
km_test_2390,427,400-500
km_test_1599,427,400-500
km_test_0845,428,400-500
km_test_0720,428,400-500
km_test_2560,428,400-500
km_test_2112,428,400-500
km_test_1448,428,400-500
km_test_1708,428,400-500
km_test_2433,428,400-500
km_test_0985,428,400-500
km_test_1604,428,400-500
km_test_2369,428,400-500
km_test_1537,428,400-500
km_test_0328,428,400-500
km_test_0787,428,400-500
km_test_2622,428,400-500
km_test_1793,428,400-500
km_test_2643,429,400-500
km_test_1401,429,400-500
km_test_0079,429,400-500
km_test_2327,429,400-500
km_test_0555,429,400-500
km_test_0164,430,400-500
km_test_1253,430,400-500
km_test_2623,430,400-500
km_test_2055,430,400-500
km_test_0739,430,400-500
km_test_0738,430,400-500
km_test_0677,430,400-500
km_test_0893,430,400-500
km_test_1861,430,400-500
km_test_0934,431,400-500
km_test_0187,431,400-500
km_test_0636,431,400-500
km_test_1088,431,400-500
km_test_1178,431,400-500
km_test_1619,432,400-500
km_test_2143,432,400-500
km_test_2406,433,400-500
km_test_0704,433,400-500
km_test_2772,433,400-500
km_test_0586,433,400-500
km_test_2025,434,400-500
km_test_0559,434,400-500
km_test_0285,434,400-500
km_test_0224,434,400-500
km_test_2257,434,400-500
km_test_1998,434,400-500
km_test_1964,434,400-500
km_test_0954,434,400-500
km_test_1003,434,400-500
km_test_1087,434,400-500
km_test_0412,435,400-500
km_test_2703,435,400-500
km_test_0434,436,400-500
km_test_1927,436,400-500
km_test_0686,436,400-500
km_test_2109,437,400-500
km_test_0299,437,400-500
km_test_2616,438,400-500
km_test_2317,438,400-500
km_test_2615,439,400-500
km_test_0827,439,400-500
km_test_2656,440,400-500
km_test_0393,440,400-500
km_test_0163,440,400-500
km_test_2295,440,400-500
km_test_2526,440,400-500
km_test_0610,440,400-500
km_test_1607,440,400-500
km_test_0093,441,400-500
km_test_2531,442,400-500
km_test_0430,442,400-500
km_test_2034,442,400-500
km_test_1706,442,400-500
km_test_1246,442,400-500
km_test_1205,442,400-500
km_test_1922,442,400-500
km_test_0076,442,400-500
km_test_2553,442,400-500
km_test_0702,443,400-500
km_test_1805,443,400-500
km_test_1921,444,400-500
km_test_0018,444,400-500
km_test_0974,444,400-500
km_test_2095,444,400-500
km_test_0804,445,400-500
km_test_0851,445,400-500
km_test_1905,445,400-500
km_test_1834,445,400-500
km_test_0587,446,400-500
km_test_1955,446,400-500
km_test_0780,447,400-500
km_test_1441,447,400-500
km_test_1166,447,400-500
km_test_1074,447,400-500
km_test_0900,447,400-500
km_test_0404,447,400-500
km_test_2302,447,400-500
km_test_2167,447,400-500
km_test_1971,447,400-500
km_test_0183,447,400-500
km_test_1568,447,400-500
km_test_0474,448,400-500
km_test_0575,448,400-500
km_test_1496,449,400-500
km_test_1030,449,400-500
km_test_2661,449,400-500
km_test_0471,449,400-500
km_test_0944,449,400-500
km_test_1821,449,400-500
km_test_0988,450,400-500
km_test_2210,450,400-500
km_test_1632,450,400-500
km_test_2062,450,400-500
km_test_2537,450,400-500
km_test_1169,450,400-500
km_test_1562,450,400-500
km_test_0111,450,400-500
km_test_2256,450,400-500
km_test_0304,451,400-500
km_test_0419,451,400-500
km_test_0140,451,400-500
km_test_1405,451,400-500
km_test_2493,452,400-500
km_test_1095,452,400-500
km_test_2737,452,400-500
km_test_1277,452,400-500
km_test_1010,452,400-500
km_test_0320,452,400-500
km_test_1160,453,400-500
km_test_1296,453,400-500
km_test_1345,453,400-500
km_test_1037,453,400-500
km_test_1924,453,400-500
km_test_0806,453,400-500
km_test_0226,453,400-500
km_test_1219,454,400-500
km_test_1689,454,400-500
km_test_2377,454,400-500
km_test_1700,454,400-500
km_test_2582,454,400-500
km_test_2745,454,400-500
km_test_2747,454,400-500
km_test_1125,454,400-500
km_test_0592,455,400-500
km_test_2788,455,400-500
km_test_1569,455,400-500
km_test_2174,455,400-500
km_test_1133,455,400-500
km_test_0265,455,400-500
km_test_0011,455,400-500
km_test_1474,455,400-500
km_test_1289,455,400-500
km_test_1209,455,400-500
km_test_1674,456,400-500
km_test_1892,456,400-500
km_test_1822,457,400-500
km_test_0838,458,400-500
km_test_0579,458,400-500
km_test_0779,458,400-500
km_test_2094,458,400-500
km_test_0449,458,400-500
km_test_2099,458,400-500
km_test_0446,458,400-500
km_test_2046,458,400-500
km_test_1132,458,400-500
km_test_1019,458,400-500
km_test_0371,459,400-500
km_test_1934,459,400-500
km_test_2865,459,400-500
km_test_2215,459,400-500
km_test_0769,459,400-500
km_test_2386,459,400-500
km_test_1956,459,400-500
km_test_1306,459,400-500
km_test_0043,459,400-500
km_test_1520,459,400-500
km_test_1814,460,400-500
km_test_0923,460,400-500
km_test_1968,460,400-500
km_test_1521,460,400-500
km_test_0012,461,400-500
km_test_1084,461,400-500
km_test_2149,461,400-500
km_test_2450,461,400-500
km_test_0218,461,400-500
km_test_1678,462,400-500
km_test_2651,462,400-500
km_test_1575,462,400-500
km_test_0882,462,400-500
km_test_0891,462,400-500
km_test_1950,462,400-500
km_test_2534,462,400-500
km_test_1648,462,400-500
km_test_0505,462,400-500
km_test_1815,463,400-500
km_test_0875,463,400-500
km_test_1665,463,400-500
km_test_0335,463,400-500
km_test_1375,463,400-500
km_test_2689,463,400-500
km_test_1120,463,400-500
km_test_1846,463,400-500
km_test_2579,463,400-500
km_test_2614,463,400-500
km_test_2533,463,400-500
km_test_0792,463,400-500
km_test_0483,464,400-500
km_test_1668,464,400-500
km_test_1060,465,400-500
km_test_2712,465,400-500
km_test_0272,465,400-500
km_test_0411,465,400-500
km_test_1301,465,400-500
km_test_2340,465,400-500
km_test_0014,466,400-500
km_test_2668,466,400-500
km_test_1741,466,400-500
km_test_0017,466,400-500
km_test_2789,466,400-500
km_test_0675,466,400-500
km_test_0500,467,400-500
km_test_1785,467,400-500
km_test_0601,467,400-500
km_test_1670,467,400-500
km_test_1216,468,400-500
km_test_0540,468,400-500
km_test_1512,468,400-500
km_test_0782,468,400-500
km_test_0685,468,400-500
km_test_0591,469,400-500
km_test_1201,469,400-500
km_test_1354,469,400-500
km_test_1995,470,400-500
km_test_1767,470,400-500
km_test_0856,470,400-500
km_test_2754,470,400-500
km_test_0141,470,400-500
km_test_1312,470,400-500
km_test_0729,470,400-500
km_test_2190,471,400-500
km_test_1543,471,400-500
km_test_0082,471,400-500
km_test_1940,471,400-500
km_test_1252,472,400-500
km_test_1310,472,400-500
km_test_2430,472,400-500
km_test_1102,472,400-500
km_test_1439,472,400-500
km_test_2355,472,400-500
km_test_1677,473,400-500
km_test_0325,473,400-500
km_test_0386,473,400-500
km_test_0535,474,400-500
km_test_1983,474,400-500
km_test_1716,474,400-500
km_test_0767,474,400-500
km_test_2164,474,400-500
km_test_2039,475,400-500
km_test_1151,476,400-500
km_test_2339,476,400-500
km_test_0970,476,400-500
km_test_0598,476,400-500
km_test_2693,476,400-500
km_test_1527,476,400-500
km_test_2489,476,400-500
km_test_0761,477,400-500
km_test_1273,478,400-500
km_test_1314,478,400-500
km_test_1842,478,400-500
km_test_0846,478,400-500
km_test_0047,478,400-500
km_test_1198,479,400-500
km_test_1614,479,400-500
km_test_0952,480,400-500
km_test_1020,480,400-500
km_test_2684,480,400-500
km_test_2446,480,400-500
km_test_0113,481,400-500
km_test_2626,481,400-500
km_test_1049,481,400-500
km_test_1188,481,400-500
km_test_1886,482,400-500
km_test_0159,482,400-500
km_test_0444,483,400-500
km_test_2144,483,400-500
km_test_2049,483,400-500
km_test_1750,483,400-500
km_test_1208,483,400-500
km_test_1145,483,400-500
km_test_0691,483,400-500
km_test_2507,483,400-500
km_test_1023,484,400-500
km_test_0507,484,400-500
km_test_1932,484,400-500
km_test_0203,484,400-500
km_test_1534,485,400-500
km_test_2136,485,400-500
km_test_2842,485,400-500
km_test_1238,485,400-500
km_test_0130,485,400-500
km_test_1437,485,400-500
km_test_0175,486,400-500
km_test_0663,486,400-500
km_test_1641,487,400-500
km_test_1492,487,400-500
km_test_1372,488,400-500
km_test_1532,489,400-500
km_test_2647,489,400-500
km_test_2565,489,400-500
km_test_0847,490,400-500
km_test_0948,490,400-500
km_test_1637,490,400-500
km_test_0397,490,400-500
km_test_0849,491,400-500
km_test_2485,491,400-500
km_test_1817,491,400-500
km_test_1429,491,400-500
km_test_0538,492,400-500
km_test_0472,492,400-500
km_test_1726,492,400-500
km_test_2278,492,400-500
km_test_1164,492,400-500
km_test_1503,492,400-500
km_test_2358,492,400-500
km_test_1143,492,400-500
km_test_2790,492,400-500
km_test_1888,492,400-500
km_test_0682,492,400-500
km_test_0279,493,400-500
km_test_0626,493,400-500
km_test_1294,493,400-500
km_test_0762,493,400-500
km_test_0831,494,400-500
km_test_0193,494,400-500
km_test_2432,494,400-500
km_test_2740,494,400-500
km_test_1911,494,400-500
km_test_0166,494,400-500
km_test_2595,494,400-500
km_test_1135,495,400-500
km_test_1230,495,400-500
km_test_0812,496,400-500
km_test_1993,496,400-500
km_test_1286,496,400-500
km_test_0565,496,400-500
km_test_1910,496,400-500
km_test_0539,496,400-500
km_test_2137,496,400-500
km_test_0902,497,400-500
km_test_0007,497,400-500
km_test_0297,497,400-500
km_test_1765,497,400-500
km_test_2548,497,400-500
km_test_0199,497,400-500
km_test_0217,497,400-500
km_test_0930,497,400-500
km_test_1444,497,400-500
km_test_0613,498,400-500
km_test_1777,498,400-500
km_test_2119,498,400-500
km_test_1110,498,400-500
km_test_0215,498,400-500
km_test_2687,498,400-500
km_test_2824,498,400-500
km_test_2515,499,400-500
km_test_1157,499,400-500
km_test_0857,499,400-500
km_test_1824,499,400-500
km_test_2362,500,500-600
km_test_2076,500,500-600
km_test_1065,500,500-600
km_test_1837,500,500-600
km_test_2312,500,500-600
km_test_0228,500,500-600
km_test_0396,501,500-600
km_test_0958,502,500-600
km_test_1075,502,500-600
km_test_2052,502,500-600
km_test_1057,502,500-600
km_test_0562,502,500-600
km_test_0152,502,500-600
km_test_0423,503,500-600
km_test_2270,503,500-600
km_test_2792,503,500-600
km_test_0841,503,500-600
km_test_0848,503,500-600
km_test_1131,503,500-600
km_test_0927,503,500-600
km_test_0584,503,500-600
km_test_0600,504,500-600
km_test_1119,504,500-600
km_test_0271,504,500-600
km_test_2705,504,500-600
km_test_1017,504,500-600
km_test_1107,504,500-600
km_test_0585,504,500-600
km_test_2749,505,500-600
km_test_1279,505,500-600
km_test_2125,505,500-600
km_test_2421,506,500-600
km_test_2654,506,500-600
km_test_1360,506,500-600
km_test_0286,507,500-600
km_test_2230,507,500-600
km_test_1494,507,500-600
km_test_0593,508,500-600
km_test_2743,508,500-600
km_test_0673,509,500-600
km_test_0242,509,500-600
km_test_1580,509,500-600
km_test_0842,509,500-600
km_test_2384,509,500-600
km_test_1038,510,500-600
km_test_0497,510,500-600
km_test_0799,510,500-600
km_test_2577,511,500-600
km_test_0355,513,500-600
km_test_2472,513,500-600
km_test_1483,513,500-600
km_test_1943,513,500-600
km_test_1697,513,500-600
km_test_0508,513,500-600
km_test_0595,513,500-600
km_test_1479,513,500-600
km_test_2755,514,500-600
km_test_2502,514,500-600
km_test_1322,514,500-600
km_test_1749,514,500-600
km_test_1554,514,500-600
km_test_0185,514,500-600
km_test_1233,514,500-600
km_test_1452,514,500-600
km_test_2011,514,500-600
km_test_2518,515,500-600
km_test_1739,515,500-600
km_test_1895,515,500-600
km_test_2452,516,500-600
km_test_0536,516,500-600
km_test_0184,516,500-600
km_test_2118,516,500-600
km_test_1939,516,500-600
km_test_0625,516,500-600
km_test_0416,517,500-600
km_test_1778,518,500-600
km_test_2002,519,500-600
km_test_2469,519,500-600
km_test_1827,519,500-600
km_test_0987,519,500-600
km_test_0452,519,500-600
km_test_0379,519,500-600
km_test_0980,519,500-600
km_test_1237,519,500-600
km_test_1784,519,500-600
km_test_0858,519,500-600
km_test_1092,519,500-600
km_test_0722,520,500-600
km_test_0178,520,500-600
km_test_2079,520,500-600
km_test_0376,520,500-600
km_test_1579,520,500-600
km_test_0054,521,500-600
km_test_0209,521,500-600
km_test_0651,521,500-600
km_test_0116,522,500-600
km_test_1025,522,500-600
km_test_1123,522,500-600
km_test_0647,522,500-600
km_test_1954,522,500-600
km_test_1547,523,500-600
km_test_2486,523,500-600
km_test_2208,524,500-600
km_test_0431,524,500-600
km_test_0107,524,500-600
km_test_1960,524,500-600
km_test_1195,524,500-600
km_test_1271,524,500-600
km_test_2695,524,500-600
km_test_2644,524,500-600
km_test_1021,525,500-600
km_test_0169,525,500-600
km_test_2328,525,500-600
km_test_0344,525,500-600
km_test_0465,525,500-600
km_test_1643,525,500-600
km_test_0083,525,500-600
km_test_1433,525,500-600
km_test_0182,525,500-600
km_test_1541,525,500-600
km_test_1591,526,500-600
km_test_2588,526,500-600
km_test_0406,527,500-600
km_test_0385,528,500-600
km_test_2676,528,500-600
km_test_1588,528,500-600
km_test_1615,529,500-600
km_test_1819,529,500-600
km_test_2813,529,500-600
km_test_1884,529,500-600
km_test_2234,529,500-600
km_test_1788,529,500-600
km_test_0643,529,500-600
km_test_0962,529,500-600
km_test_2418,529,500-600
km_test_0808,530,500-600
km_test_2576,530,500-600
km_test_1356,530,500-600
km_test_0383,530,500-600
km_test_0353,530,500-600
km_test_1645,530,500-600
km_test_2508,530,500-600
km_test_0351,530,500-600
km_test_0316,530,500-600
km_test_2503,530,500-600
km_test_2128,530,500-600
km_test_0981,530,500-600
km_test_1114,530,500-600
km_test_0394,530,500-600
km_test_2379,530,500-600
km_test_0622,530,500-600
km_test_2694,530,500-600
km_test_2178,530,500-600
km_test_1394,531,500-600
km_test_2173,531,500-600
km_test_0567,531,500-600
km_test_0243,531,500-600
km_test_2319,531,500-600
km_test_2401,531,500-600
km_test_2765,531,500-600
km_test_1662,532,500-600
km_test_0553,533,500-600
km_test_2833,533,500-600
km_test_0771,533,500-600
km_test_0186,533,500-600
km_test_1811,534,500-600
km_test_0427,534,500-600
km_test_2519,534,500-600
km_test_0131,534,500-600
km_test_2480,534,500-600
km_test_0734,535,500-600
km_test_0614,535,500-600
km_test_2631,535,500-600
km_test_0623,536,500-600
km_test_1168,536,500-600
km_test_2357,536,500-600
km_test_0062,536,500-600
km_test_2863,536,500-600
km_test_0305,536,500-600
km_test_1693,537,500-600
km_test_2129,537,500-600
km_test_0087,537,500-600
km_test_0599,537,500-600
km_test_1165,537,500-600
km_test_0118,537,500-600
km_test_0695,538,500-600
km_test_0026,538,500-600
km_test_1779,538,500-600
km_test_1715,539,500-600
km_test_0696,539,500-600
km_test_0121,539,500-600
km_test_2315,540,500-600
km_test_2209,541,500-600
km_test_0801,541,500-600
km_test_1431,542,500-600
km_test_1702,542,500-600
km_test_1048,542,500-600
km_test_0382,542,500-600
km_test_1606,542,500-600
km_test_2381,543,500-600
km_test_1853,544,500-600
km_test_2146,544,500-600
km_test_0002,544,500-600
km_test_1012,544,500-600
km_test_2036,545,500-600
km_test_1332,545,500-600
km_test_0032,545,500-600
km_test_1091,545,500-600
km_test_2287,545,500-600
km_test_2783,546,500-600
km_test_2337,546,500-600
km_test_2267,546,500-600
km_test_1563,546,500-600
km_test_1517,546,500-600
km_test_0921,546,500-600
km_test_0274,547,500-600
km_test_1970,548,500-600
km_test_2648,549,500-600
km_test_0251,549,500-600
km_test_0621,549,500-600
km_test_2521,550,500-600
km_test_2562,550,500-600
km_test_1329,550,500-600
km_test_0604,550,500-600
km_test_1270,550,500-600
km_test_0581,550,500-600
km_test_1975,550,500-600
km_test_1918,550,500-600
km_test_0494,550,500-600
km_test_2307,550,500-600
km_test_2484,550,500-600
km_test_2009,550,500-600
km_test_2831,550,500-600
km_test_1789,551,500-600
km_test_1256,551,500-600
km_test_1980,551,500-600
km_test_0262,551,500-600
km_test_0620,552,500-600
km_test_2633,552,500-600
km_test_2665,553,500-600
km_test_0817,553,500-600
km_test_2402,553,500-600
km_test_0770,554,500-600
km_test_1753,554,500-600
km_test_2124,555,500-600
km_test_1466,555,500-600
km_test_1080,555,500-600
km_test_0158,555,500-600
km_test_0122,555,500-600
km_test_1873,555,500-600
km_test_1682,555,500-600
km_test_2561,555,500-600
km_test_1597,555,500-600
km_test_1248,556,500-600
km_test_1820,556,500-600
km_test_1602,557,500-600
km_test_2704,557,500-600
km_test_0464,558,500-600
km_test_0477,558,500-600
km_test_2196,559,500-600
km_test_2543,559,500-600
km_test_1808,559,500-600
km_test_1367,559,500-600
km_test_1043,559,500-600
km_test_0069,560,500-600
km_test_2090,560,500-600
km_test_1159,560,500-600
km_test_2001,561,500-600
km_test_2837,561,500-600
km_test_0975,561,500-600
km_test_2434,562,500-600
km_test_0230,562,500-600
km_test_0365,562,500-600
km_test_1505,562,500-600
km_test_0549,562,500-600
km_test_1989,562,500-600
km_test_1773,562,500-600
km_test_1858,562,500-600
km_test_0820,562,500-600
km_test_2692,563,500-600
km_test_0173,563,500-600
km_test_1147,564,500-600
km_test_0502,564,500-600
km_test_1859,564,500-600
km_test_2690,565,500-600
km_test_0323,565,500-600
km_test_0041,565,500-600
km_test_2232,565,500-600
km_test_1311,565,500-600
km_test_0202,565,500-600
km_test_0811,565,500-600
km_test_0085,566,500-600
km_test_1907,566,500-600
km_test_1799,567,500-600
km_test_1801,567,500-600
km_test_2217,567,500-600
km_test_1712,567,500-600
km_test_2244,568,500-600
km_test_2243,568,500-600
km_test_0180,568,500-600
km_test_2681,568,500-600
km_test_1458,569,500-600
km_test_0646,569,500-600
km_test_0061,569,500-600
km_test_2372,570,500-600
km_test_2216,570,500-600
km_test_2838,571,500-600
km_test_1738,571,500-600
km_test_0969,572,500-600
km_test_0273,572,500-600
km_test_0484,572,500-600
km_test_1461,572,500-600
km_test_0905,573,500-600
km_test_2448,573,500-600
km_test_0161,573,500-600
km_test_0618,574,500-600
km_test_1369,575,500-600
km_test_2072,575,500-600
km_test_1731,575,500-600
km_test_1423,575,500-600
km_test_0573,576,500-600
km_test_1283,577,500-600
km_test_0833,579,500-600
km_test_2491,579,500-600
km_test_2198,579,500-600
km_test_1443,580,500-600
km_test_0741,580,500-600
km_test_1898,581,500-600
km_test_2806,582,500-600
km_test_1150,582,500-600
km_test_2370,582,500-600
km_test_2475,582,500-600
km_test_2546,583,500-600
km_test_1651,583,500-600
km_test_1707,583,500-600
km_test_2412,583,500-600
km_test_2084,583,500-600
km_test_1875,583,500-600
km_test_2068,583,500-600
km_test_2760,583,500-600
km_test_0037,584,500-600
km_test_2852,584,500-600
km_test_0322,584,500-600
km_test_1300,584,500-600
km_test_1388,585,500-600
km_test_2142,585,500-600
km_test_2529,586,500-600
km_test_0957,586,500-600
km_test_2629,586,500-600
km_test_2367,586,500-600
km_test_2000,586,500-600
km_test_0025,586,500-600
km_test_0445,586,500-600
km_test_2105,586,500-600
km_test_0189,587,500-600
km_test_0569,587,500-600
km_test_0633,587,500-600
km_test_1391,587,500-600
km_test_2342,587,500-600
km_test_2310,588,500-600
km_test_2082,589,500-600
km_test_1244,589,500-600
km_test_0308,589,500-600
km_test_0331,589,500-600
km_test_2220,590,500-600
km_test_0840,591,500-600
km_test_0482,591,500-600
km_test_0515,591,500-600
km_test_1387,591,500-600
km_test_1272,591,500-600
km_test_1015,593,500-600
km_test_2671,594,500-600
km_test_0410,594,500-600
km_test_0391,594,500-600
km_test_2179,594,500-600
km_test_1590,594,500-600
km_test_2415,594,500-600
km_test_1206,595,500-600
km_test_1462,595,500-600
km_test_1972,597,500-600
km_test_0726,598,500-600
km_test_2798,598,500-600
km_test_0649,599,500-600
km_test_2857,599,500-600
km_test_0327,599,500-600
km_test_2313,599,500-600
km_test_1539,599,500-600
km_test_0413,600,600-700
km_test_0048,600,600-700
km_test_0463,600,600-700
km_test_2387,600,600-700
km_test_2816,600,600-700
km_test_0616,602,600-700
km_test_1840,602,600-700
km_test_2662,603,600-700
km_test_0172,603,600-700
km_test_0049,603,600-700
km_test_0594,604,600-700
km_test_1772,604,600-700
km_test_1495,604,600-700
km_test_0467,604,600-700
km_test_0530,604,600-700
km_test_2725,605,600-700
km_test_0167,605,600-700
km_test_1497,605,600-700
km_test_1189,606,600-700
km_test_1268,607,600-700
km_test_0718,607,600-700
km_test_1194,608,600-700
km_test_0503,608,600-700
km_test_0109,608,600-700
km_test_2238,611,600-700
km_test_0751,612,600-700
km_test_2800,613,600-700
km_test_1973,614,600-700
km_test_0227,614,600-700
km_test_0926,617,600-700
km_test_1260,617,600-700
km_test_2162,618,600-700
km_test_0150,618,600-700
km_test_1389,619,600-700
km_test_1528,619,600-700
km_test_0293,619,600-700
km_test_2832,619,600-700
km_test_0232,619,600-700
km_test_1191,619,600-700
km_test_2756,620,600-700
km_test_0003,621,600-700
km_test_0727,622,600-700
km_test_1596,622,600-700
km_test_2254,622,600-700
km_test_1280,623,600-700
km_test_1409,623,600-700
km_test_1644,623,600-700
km_test_2403,623,600-700
km_test_0873,623,600-700
km_test_1792,623,600-700
km_test_0908,623,600-700
km_test_0634,623,600-700
km_test_2325,623,600-700
km_test_2138,624,600-700
km_test_1996,626,600-700
km_test_0318,626,600-700
km_test_2301,626,600-700
km_test_1825,626,600-700
km_test_2663,626,600-700
km_test_0105,627,600-700
km_test_0745,628,600-700
km_test_1826,628,600-700
km_test_2382,629,600-700
km_test_1610,629,600-700
km_test_1199,630,600-700
km_test_1638,630,600-700
km_test_1508,631,600-700
km_test_2361,634,600-700
km_test_1486,634,600-700
km_test_1069,634,600-700
km_test_1906,635,600-700
km_test_1843,637,600-700
km_test_2096,637,600-700
km_test_2641,637,600-700
km_test_2262,639,600-700
km_test_2634,640,600-700
km_test_1525,640,600-700
km_test_1108,640,600-700
km_test_2392,640,600-700
km_test_1288,642,600-700
km_test_2425,642,600-700
km_test_0945,644,600-700
km_test_0829,647,600-700
km_test_0973,647,600-700
km_test_0521,647,600-700
km_test_1239,648,600-700
km_test_1224,650,600-700
km_test_0478,650,600-700
km_test_1130,656,600-700
km_test_0388,658,600-700
km_test_0631,658,600-700
km_test_2696,659,600-700
km_test_0920,661,600-700
km_test_1609,661,600-700
km_test_0125,662,600-700
km_test_0752,663,600-700
km_test_1560,663,600-700
km_test_0724,663,600-700
km_test_1352,663,600-700
km_test_1986,663,600-700
km_test_2511,663,600-700
km_test_1953,664,600-700
km_test_1877,667,600-700
km_test_0462,669,600-700
km_test_0543,675,600-700
km_test_1555,676,600-700
km_test_1071,677,600-700
km_test_2550,677,600-700
km_test_0352,677,600-700
km_test_1603,679,600-700
km_test_1796,679,600-700
km_test_2133,679,600-700
km_test_2701,680,600-700
km_test_0333,680,600-700
km_test_2288,680,600-700
km_test_1791,680,600-700
km_test_2759,680,600-700
km_test_1137,681,600-700
km_test_1903,681,600-700
km_test_1056,682,600-700
km_test_1855,683,600-700
km_test_1392,683,600-700
km_test_2290,683,600-700
km_test_0143,683,600-700
km_test_2067,683,600-700
km_test_1218,684,600-700
km_test_1016,684,600-700
km_test_2385,685,600-700
km_test_1440,688,600-700
km_test_2782,689,600-700
km_test_0303,692,600-700
km_test_1594,693,600-700
km_test_2826,695,600-700
km_test_0617,695,600-700
km_test_2854,700,700-800
km_test_0866,700,700-800
km_test_1719,701,700-800
km_test_0602,701,700-800
km_test_0013,701,700-800
km_test_2827,702,700-800
km_test_1062,703,700-800
km_test_0447,706,700-800
km_test_0420,706,700-800
km_test_2326,706,700-800
km_test_2078,706,700-800
km_test_0380,706,700-800
km_test_1718,710,700-800
km_test_2026,711,700-800
km_test_2374,713,700-800
km_test_0499,713,700-800
km_test_2276,713,700-800
km_test_1204,715,700-800
km_test_1546,716,700-800
km_test_2145,716,700-800
km_test_0705,717,700-800
km_test_1589,717,700-800
km_test_2021,719,700-800
km_test_0531,719,700-800
km_test_1583,720,700-800
km_test_2785,720,700-800
km_test_1382,721,700-800
km_test_2441,721,700-800
km_test_1736,721,700-800
km_test_0033,722,700-800
km_test_0369,722,700-800
km_test_2628,723,700-800
km_test_2843,723,700-800
km_test_0577,725,700-800
km_test_2322,725,700-800
km_test_0313,725,700-800
km_test_1617,726,700-800
km_test_2038,726,700-800
km_test_2571,726,700-800
km_test_2222,731,700-800
km_test_0733,731,700-800
km_test_1358,731,700-800
km_test_0276,737,700-800
km_test_1424,737,700-800
km_test_0403,738,700-800
km_test_1538,738,700-800
km_test_2265,738,700-800
km_test_2652,739,700-800
km_test_0211,741,700-800
km_test_1845,742,700-800
km_test_0426,743,700-800
km_test_0666,745,700-800
km_test_0764,750,700-800
km_test_2454,751,700-800
km_test_1829,751,700-800
km_test_0373,751,700-800
km_test_1574,753,700-800
km_test_0319,753,700-800
km_test_0001,755,700-800
km_test_2346,759,700-800
km_test_0407,763,700-800
km_test_2201,763,700-800
km_test_1694,763,700-800
km_test_0789,767,700-800
km_test_1241,768,700-800
km_test_1524,768,700-800
km_test_2057,768,700-800
km_test_0100,768,700-800
km_test_2219,769,700-800
km_test_1758,769,700-800
km_test_2757,771,700-800
km_test_2775,771,700-800
km_test_1721,771,700-800
km_test_0341,772,700-800
km_test_1979,773,700-800
km_test_2517,774,700-800
km_test_1931,774,700-800
km_test_1346,774,700-800
km_test_1491,774,700-800
km_test_0712,774,700-800
km_test_1090,775,700-800
km_test_1756,776,700-800
km_test_0491,778,700-800
km_test_0241,786,700-800
km_test_2199,787,700-800
km_test_2497,794,700-800
km_test_0439,802,800-900
km_test_0155,802,800-900
km_test_1871,802,800-900
km_test_2186,803,800-900
km_test_1565,803,800-900
km_test_1054,805,800-900
km_test_1797,806,800-900
km_test_1672,806,800-900
km_test_2053,806,800-900
km_test_0982,806,800-900
km_test_2713,811,800-900
km_test_0664,811,800-900
km_test_0516,815,800-900
km_test_1210,822,800-900
km_test_1234,822,800-900
km_test_1298,822,800-900
km_test_2818,825,800-900
km_test_2465,825,800-900
km_test_0510,827,800-900
km_test_0395,829,800-900
km_test_2368,830,800-900
km_test_0668,830,800-900
km_test_0852,830,800-900
km_test_1946,830,800-900
km_test_2718,830,800-900
km_test_0688,831,800-900
km_test_0916,837,800-900
km_test_2657,846,800-900
km_test_2717,846,800-900
km_test_0999,848,800-900
km_test_1105,848,800-900
km_test_2691,851,800-900
km_test_0783,855,800-900
km_test_0307,860,800-900
km_test_2639,861,800-900
km_test_2630,864,800-900
km_test_1852,866,800-900
km_test_0523,866,800-900
km_test_0086,867,800-900
km_test_1079,868,800-900
km_test_0249,869,800-900
km_test_1618,872,800-900
km_test_2677,874,800-900
km_test_0552,875,800-900
km_test_2498,876,800-900
km_test_2010,876,800-900
km_test_1420,876,800-900
km_test_2698,878,800-900
km_test_0589,882,800-900
km_test_2787,888,800-900
km_test_2331,902,900-1000
km_test_0868,907,900-1000
km_test_1885,911,900-1000
km_test_1185,913,900-1000
km_test_2675,914,900-1000
km_test_2086,915,900-1000
km_test_1055,916,900-1000
km_test_2298,916,900-1000
km_test_2632,917,900-1000
km_test_0020,918,900-1000
km_test_2170,922,900-1000
km_test_0919,923,900-1000
km_test_2471,923,900-1000
km_test_2799,925,900-1000
km_test_0690,932,900-1000
km_test_2043,933,900-1000
km_test_0735,933,900-1000
km_test_2264,933,900-1000
km_test_1484,935,900-1000
km_test_0408,935,900-1000
km_test_1780,935,900-1000
km_test_2097,938,900-1000
km_test_2762,955,900-1000
km_test_1529,962,900-1000
km_test_1899,964,900-1000
km_test_0421,968,900-1000
km_test_2242,969,900-1000
km_test_1477,976,900-1000
km_test_1004,976,900-1000
km_test_0659,976,900-1000
km_test_0929,976,900-1000
km_test_2467,976,900-1000
km_test_1318,976,900-1000
km_test_0479,976,900-1000
km_test_0639,977,900-1000
km_test_2625,982,900-1000
km_test_2023,984,900-1000
km_test_1593,993,900-1000
km_test_0338,1001,1000+
km_test_0081,1004,1000+
km_test_1190,1014,1000+
km_test_2373,1014,1000+
km_test_0824,1019,1000+
