true_kcat_log10,predicted_kcat_log10,residual,absolute_error
-1.39794,-0.5173689,0.8805711,0.8805711
-0.124938734,-0.5173689,-0.3924302,0.3924302
-1.0457575,-0.5173689,0.5283886,0.5283886
0.41497332,-0.031129122,-0.44610244,0.44610244
-0.3467875,-0.03548646,0.31130105,0.31130105
-0.7695511,-0.027832627,0.7417185,0.7417185
-0.36653155,-0.027832627,0.33869892,0.33869892
0.14612803,0.92401737,0.7778894,0.7778894
1.5682018,0.62742996,-0.9407718,0.9407718
1.8750613,0.98952925,-0.885532,0.885532
0.9790929,0.98952925,0.010436356,0.010436356
1.0700378,0.98952925,-0.08050859,0.08050859
2.1964526,0.8829182,-1.3135345,1.3135345
-0.29242983,0.93019634,1.2226262,1.2226262
1.3765769,0.74748105,-0.62909585,0.62909585
1.2479733,0.74748105,-0.5004923,0.5004923
1.2479733,0.74748105,-0.5004923,0.5004923
1.4281348,0.74748105,-0.68065375,0.68065375
-1.0,0.62742996,1.62743,1.62743
-1.9586073,0.62742996,2.5860372,2.5860372
0.79934055,0.7442919,-0.055048645,0.055048645
0.8808136,0.7442919,-0.1365217,0.1365217
-1.4814861,-0.4973833,0.9841028,0.9841028
-1.4559319,-0.4973833,0.9585486,0.9585486
-0.83268267,-0.4973833,0.33529937,0.33529937
-1.0555173,-0.4973833,0.558134,0.558134
-1.2218487,-0.30763096,0.91421777,0.91421777
-0.74957997,-0.30763096,0.441949,0.441949
-1.0705811,-0.30763096,0.7629501,0.7629501
-1.1739252,-0.30763096,0.8662942,0.8662942
-0.68824613,-0.12018627,0.56805986,0.56805986
-0.32239303,-0.12018627,0.20220676,0.20220676
0.30103,0.7552817,0.45425168,0.45425168
0.5563025,0.7552817,0.1989792,0.1989792
1.462398,0.7552817,-0.70711637,0.70711637
0.7781513,0.13239685,-0.64575446,0.64575446
1.5185139,0.13239685,-1.3861171,1.3861171
0.8750613,0.13239685,-0.74266446,0.74266446
-0.09691001,-0.32194573,-0.22503573,0.22503573
-1.09691,-0.32194573,0.7749643,0.7749643
-0.60206,-0.32194573,0.2801143,0.2801143
-1.154902,-0.32194573,0.83295625,0.83295625
-0.30103,-0.26660794,0.03442207,0.03442207
0.41497332,-0.26660794,-0.68158126,0.68158126
-0.045757502,-0.26660794,-0.22085044,0.22085044
0.11394334,-0.26660794,-0.38055128,0.38055128
0.14612803,-0.26660794,-0.41273597,0.41273597
-0.30103,-0.5957696,-0.29473957,0.29473957
-0.69897,-0.5957696,0.103200436,0.103200436
-0.69897,-0.5957696,0.103200436,0.103200436
-1.39794,-0.5957696,0.80217046,0.80217046
-1.69897,-0.5957696,1.1032004,1.1032004
-1.4989407,-0.5957696,0.9031711,0.9031711
-0.6326441,-0.5957696,0.036874533,0.036874533
-0.82390875,0.01737222,0.84128094,0.84128094
2.4116197,1.1110148,-1.3006048,1.3006048
0.9777236,1.1110148,0.13329124,0.13329124
2.0614524,1.1198618,-0.94159055,0.94159055
-0.045757502,0.23511115,0.28086865,0.28086865
-0.91009486,0.23511115,1.145206,1.145206
-0.4202164,0.23511115,0.65532756,0.65532756
-0.06550154,0.3681411,0.43364266,0.43364266
-0.3467875,0.3681411,0.7149286,0.7149286
2.1522884,0.9735669,-1.1787215,1.1787215
2.0681858,0.9735669,-1.0946189,1.0946189
2.064458,0.9735669,-1.090891,1.090891
2.230449,0.9735669,-1.2568821,1.2568821
1.8847953,0.9735669,-0.9112284,0.9112284
2.075547,0.9735669,-1.1019801,1.1019801
1.5378191,0.9735669,-0.56425226,0.56425226
1.6263404,0.9735669,-0.6527735,0.6527735
-1.3279022,0.6538458,1.981748,1.981748
0.71516734,0.6616932,-0.05347413,0.05347413
1.0530784,0.7013974,-0.351681,0.351681
1.238046,0.7013974,-0.53664863,0.53664863
1.1003705,0.6725085,-0.42786205,0.42786205
1.1931247,0.7013974,-0.49172723,0.49172723
0.9294189,0.6725085,-0.25691044,0.25691044
0.99563515,0.6725085,-0.32312667,0.32312667
1.2718416,0.86334264,-0.408499,0.408499
1.0,0.84354067,-0.15645933,0.15645933
1.3222193,0.8783255,-0.44389373,0.44389373
1.365488,0.8783255,-0.48716253,0.48716253
0.85733247,0.84354067,-0.0137918,0.0137918
-0.09691001,0.3099114,0.4068214,0.4068214
0.30103,0.49614602,0.19511601,0.19511601
0.6232493,0.46039993,-0.16284937,0.16284937
0.62838894,0.6767031,0.048314154,0.048314154
0.47712126,0.6767031,0.19958183,0.19958183
0.47712126,0.6767031,0.19958183,0.19958183
0.94939,1.2860997,0.33670968,0.33670968
2.5682018,1.2860997,-1.2821021,1.2821021
2.8808136,1.3643701,-1.5164435,1.5164435
2.90309,1.3643701,-1.5387199,1.5387199
3.146128,1.3643701,-1.7817578,1.7817578
2.518514,1.3643701,-1.1541438,1.1541438
2.748188,1.3643701,-1.3838179,1.3838179
3.690196,1.3643701,-2.325826,2.325826
5.6434526,1.3643701,-4.2790823,4.2790823
0.49136168,0.561309,0.0699473,0.0699473
-1.4089354,0.561309,1.9702444,1.9702444
-0.47755575,-0.9944282,-0.51687247,0.51687247
-1.8239088,-0.9745266,0.8493822,0.8493822
-4.0,-0.9745266,3.0254734,3.0254734
-3.69897,-0.9944282,2.704542,2.704542
0.00432137,0.421678,0.41735664,0.41735664
-1.0,-0.9161064,0.0838936,0.0838936
-1.1079054,-0.9161064,0.19179899,0.19179899
-2.552842,-0.9269301,1.6259117,1.6259117
-1.935542,-0.9269301,1.0086119,1.0086119
0.30103,0.028238267,-0.27279174,0.27279174
0.30103,0.028238267,-0.27279174,0.27279174
-3.1249387,-1.3043246,1.8206141,1.8206141
-3.6575773,-1.3043246,2.3532526,2.3532526
-5.5228786,-1.3043246,4.218554,4.218554
-4.8860564,-1.3043246,3.5817318,3.5817318
-5.09691,-1.3043246,3.7925854,3.7925854
0.43136376,-0.7260222,-1.157386,1.157386
-0.3467875,-0.7260222,-0.37923467,0.37923467
2.10721,-0.7260222,-2.8332322,2.8332322
-1.6777807,-0.7260222,0.95175856,0.95175856
-1.9208188,-0.7260222,1.1947966,1.1947966
1.50515,-0.7260222,-2.231172,2.231172
-2.154902,-0.7260222,1.4288797,1.4288797
-1.0757207,-0.7260222,0.34969848,0.34969848
-1.2676063,-0.7260222,0.5415841,0.5415841
-2.49485,-0.7260222,1.7688277,1.7688277
-2.3767507,-0.7260222,1.6507285,1.6507285
-4.09691,-0.7260222,3.3708878,3.3708878
1.7888751,-0.7260222,-2.5148973,2.5148973
-2.1307683,-0.7260222,1.404746,1.404746
-2.19382,-0.7260222,1.4677978,1.4677978
-1.4202164,-0.32514364,1.0950727,1.0950727
-1.0809219,-0.48438245,0.59653944,0.59653944
-1.4202164,-0.48438245,0.935834,0.935834
-1.3467875,-0.45857722,0.88821024,0.88821024
0.20412,0.83867687,0.6345569,0.6345569
0.30103,0.83867687,0.5376469,0.5376469
-0.5257837,-0.5115246,0.0142591,0.0142591
0.6812413,0.75234914,0.071107864,0.071107864
0.8325089,0.75234914,-0.08015978,0.08015978
2.5693738,1.3104935,-1.2588804,1.2588804
2.5276299,1.3104935,-1.2171364,1.2171364
2.462398,1.3104935,-1.1519046,1.1519046
2.531479,1.3104935,-1.2209854,1.2209854
2.4424798,1.3104935,-1.1319864,1.1319864
0.968483,0.8553133,-0.11316967,0.11316967
0.9777236,0.8553133,-0.1224103,0.1224103
0.06069783,0.442984,0.3822862,0.3822862
0.701568,0.42105755,-0.28051046,0.28051046
0.025305841,0.442984,0.41767818,0.41767818
0.6404814,0.42105755,-0.21942386,0.21942386
2.4676082,1.5186338,-0.9489744,0.9489744
2.402777,1.5186338,-0.8841431,0.8841431
2.4111145,1.5186338,-0.8924806,0.8924806
1.462398,0.9572601,-0.505138,0.505138
0.041392695,-0.23376483,-0.2751575,0.2751575
0.45484483,-0.23376483,-0.68860966,0.68860966
-0.30103,-0.021811903,0.2792181,0.2792181
-0.5228787,-0.021811903,0.5010668,0.5010668
0.46834734,0.7006617,0.23231438,0.23231438
0.20139714,0.7006617,0.4992646,0.4992646
0.86510396,0.7006617,-0.16444224,0.16444224
0.3384565,0.7006617,0.3622052,0.3622052
0.63848925,0.7006617,0.062172472,0.062172472
0.580925,0.7006617,0.11973673,0.11973673
0.84695536,0.7006617,-0.14629364,0.14629364
-1.2757242,-0.2312625,1.0444617,1.0444617
-0.36653155,-0.23953104,0.12700051,0.12700051
-0.98716277,-0.23372513,0.75343764,0.75343764
-1.0861862,-0.21925426,0.8669319,0.8669319
-0.93930215,-0.24385667,0.6954455,0.6954455
2.20412,1.3308814,-0.87323856,0.87323856
3.0170333,1.3308814,-1.686152,1.686152
2.6532125,1.3308814,-1.3223312,1.3223312
2.283301,1.3308814,-0.95241976,0.95241976
2.788875,1.3308814,-1.4579937,1.4579937
3.176959,1.3308814,-1.8460777,1.8460777
1.0253059,1.2366865,0.2113806,0.2113806
2.8920946,1.3576472,-1.5344474,1.5344474
2.447158,1.3576472,-1.0895109,1.0895109
0.041392695,-0.0014084876,-0.042801183,0.042801183
0.0,-0.0014084876,-0.0014084876,0.0014084876
-0.55284196,-0.0014084876,0.55143344,0.55143344
0.07918126,-0.0014084876,-0.08058975,0.08058975
0.54157925,-0.0014084876,-0.5429877,0.5429877
1.50515,0.6101326,-0.8950174,0.8950174
-3.0,-1.2191892,1.7808108,1.7808108
0.06818584,0.5260729,0.45788708,0.45788708
1.0569048,0.5260729,-0.5308319,0.5308319
0.029383799,0.5260729,0.4966891,0.4966891
-3.136677,0.008903742,3.1455808,3.1455808
-3.2676063,0.001960814,3.269567,3.269567
1.6893089,1.0123138,-0.67699504,0.67699504
-1.4089354,-0.52649134,0.8824441,0.8824441
0.037426513,-0.52649134,-0.5639179,0.5639179
0.38021126,-0.5237817,-0.903993,0.903993
-1.6197888,-0.5237817,1.0960071,1.0960071
-1.5850266,-0.5237817,1.061245,1.061245
-0.692504,-0.52649134,0.16601264,0.16601264
-1.6382722,-0.5237817,1.1144905,1.1144905
-0.3788237,-0.52649134,-0.14766765,0.14766765
-0.08618615,-0.05362761,0.032558538,0.032558538
-0.229148,0.21082191,0.4399699,0.4399699
-0.119186416,-0.072878,0.046308413,0.046308413
-0.08990944,0.41457486,0.5044843,0.5044843
0.041392695,0.34036508,0.2989724,0.2989724
-0.5228787,0.34036508,0.8632438,0.8632438
-1.0,0.34036508,1.340365,1.340365
0.9637878,0.34036508,-0.62342274,0.62342274
0.5563025,0.34036508,-0.2159374,0.2159374
-1.30103,0.34036508,1.6413951,1.6413951
-0.22184873,0.29088482,0.5127336,0.5127336
1.178977,0.29881972,-0.8801573,0.8801573
-1.5228788,0.34036508,1.8632438,1.8632438
1.2201082,0.34036508,-0.8797431,0.8797431
1.1731863,0.34036508,-0.83282125,0.83282125
1.0791812,0.5043011,-0.5748801,0.5748801
1.3710679,0.5043011,-0.8667668,0.8667668
2.0845764,0.80211127,-1.2824651,1.2824651
-0.09691001,0.40814808,0.5050581,0.5050581
0.5037907,0.40814808,-0.0956426,0.0956426
1.7038071,1.1813186,-0.5224885,0.5224885
-1.0,0.65240407,1.6524041,1.6524041
0.845098,0.65240407,-0.19269395,0.19269395
0.90309,0.65240407,-0.25068593,0.25068593
1.4313638,0.65240407,-0.77895975,0.77895975
1.4771212,0.65240407,-0.82471716,0.82471716
1.5797836,0.65240407,-0.9273795,0.9273795
1.3802112,0.65240407,-0.72780716,0.72780716
1.3617278,0.65240407,-0.70932376,0.70932376
0.69897,0.5913156,-0.10765439,0.10765439
0.54406804,0.61104083,0.06697279,0.06697279
0.3424227,0.61104083,0.26861814,0.26861814
0.43136376,0.61104083,0.17967707,0.17967707
0.8692317,0.61104083,-0.25819087,0.25819087
0.73239374,0.61104083,-0.12135291,0.12135291
0.38021126,0.61104083,0.23082957,0.23082957
0.9190781,0.61104083,-0.30803728,0.30803728
0.67209786,0.61104083,-0.06105703,0.06105703
0.0,0.5913156,0.5913156,0.5913156
0.30103,0.5913156,0.29028562,0.29028562
0.30103,0.5913156,0.29028562,0.29028562
0.47712126,0.5913156,0.11419436,0.11419436
0.47712126,0.5913156,0.11419436,0.11419436
1.0413927,0.5913156,-0.45007706,0.45007706
1.8573325,0.5913156,-1.2660168,1.2660168
1.1760913,0.5913156,-0.5847757,0.5847757
1.1760913,1.0813284,-0.09476292,0.09476292
1.39794,1.0813284,-0.31661165,0.31661165
1.5185139,1.0813284,-0.43718553,0.43718553
1.8750613,1.0813284,-0.7937329,0.7937329
2.61066,1.0813284,-1.5293317,1.5293317
2.61595,1.0813284,-1.5346217,1.5346217
2.5211382,1.0813284,-1.4398098,1.4398098
0.60206,1.0813284,0.47926837,0.47926837
1.1760913,0.65136826,-0.52472305,0.52472305
-0.67778075,0.65136826,1.329149,1.329149
-1.09691,0.65136826,1.7482783,1.7482783
-0.35654733,0.65136826,1.0079156,1.0079156
0.376577,0.65136826,0.27479127,0.27479127
0.39093512,0.65136826,0.26043314,0.26043314
0.0,0.873312,0.873312,0.873312
0.7781513,0.873312,0.09516072,0.09516072
0.30103,0.873312,0.57228196,0.57228196
0.47712126,0.873312,0.39619073,0.39619073
1.0,0.873312,-0.126688,0.126688
1.0,0.873312,-0.126688,0.126688
1.0,0.873312,-0.126688,0.126688
1.39794,0.873312,-0.52462804,0.52462804
1.39794,0.873312,-0.52462804,0.52462804
1.4771212,0.873312,-0.60380924,0.60380924
1.4771212,0.873312,-0.60380924,0.60380924
2.1760912,0.873312,-1.3027792,1.3027792
-1.154902,0.61104083,1.7659428,1.7659428
1.6232493,1.3341818,-0.2890675,0.2890675
2.0334237,1.3300178,-0.70340586,0.70340586
1.7403626,0.7166151,-1.0237476,1.0237476
0.607455,0.7207116,0.11325657,0.11325657
1.1711411,0.7207116,-0.45042956,0.45042956
1.2135178,0.70550525,-0.50801253,0.50801253
1.5336449,0.7207116,-0.8129333,0.8129333
1.0881361,0.7207116,-0.3674245,0.3674245
0.45178643,0.21704715,-0.23473927,0.23473927
2.39794,1.3220317,-1.0759082,1.0759082
3.8750613,1.3220317,-2.5530295,2.5530295
0.15533602,0.21704715,0.061711133,0.061711133
0.17609125,0.5464052,0.37031394,0.37031394
0.47712126,0.55772984,0.08060858,0.08060858
0.61278385,0.56378114,-0.049002707,0.049002707
-0.25181198,0.51945674,0.7712687,0.7712687
0.45178643,0.21704715,-0.23473927,0.23473927
-3.9393022,0.27425247,4.213555,4.213555
0.32221928,-0.3372429,-0.6594622,0.6594622
-2.6575773,-0.3543259,2.3032513,2.3032513
2.2198465,1.0859034,-1.1339431,1.1339431
2.3517964,1.0859034,-1.265893,1.265893
1.3159704,1.0859034,-0.23006701,0.23006701
1.3692158,1.0899905,-0.27922535,0.27922535
1.664642,1.0859034,-0.5787386,0.5787386
1.6776069,1.0859034,-0.59170353,0.59170353
0.7160033,1.0859034,0.3699001,0.3699001
1.378398,1.0859034,-0.29249454,0.29249454
2.0043213,1.0859034,-0.91841793,0.91841793
2.3909352,1.074127,-1.3168082,1.3168082
1.6314437,1.0859034,-0.54554033,0.54554033
2.689309,1.0899905,-1.5993184,1.5993184
2.1693804,1.0859034,-1.083477,1.083477
2.0863597,1.0859632,-1.0003965,1.0003965
0.9344985,0.20873524,-0.72576326,0.72576326
5.50515,1.9809806,-3.5241692,3.5241692
-3.5850267,-0.79524773,2.789779,2.789779
3.146128,1.3712997,-1.7748282,1.7748282
2.7853298,1.3712997,-1.4140301,1.4140301
-0.56863624,-0.08876032,0.47987592,0.47987592
-0.88605666,0.6313729,1.5174296,1.5174296
0.5185139,0.69392234,0.17540842,0.17540842
1.230449,0.69392234,-0.5365266,0.5365266
0.2787536,0.69392234,0.41516873,0.41516873
0.7242759,1.1072638,0.38298792,0.38298792
2.518514,1.1072638,-1.4112501,1.4112501
4.079181,1.5292177,-2.5499635,2.5499635
3.690196,1.5292177,-2.1609783,2.1609783
1.8573325,1.6848047,-0.17252779,0.17252779
2.9637878,1.6848047,-1.2789831,1.2789831
4.2455125,1.6848047,-2.5607078,2.5607078
3.850585,1.6848047,-2.1657803,2.1657803
4.8059764,1.6848047,-3.1211717,3.1211717
3.5737996,1.6848047,-1.8889949,1.8889949
4.3719907,1.8012853,-2.5707054,2.5707054
4.741309,1.795599,-2.9457102,2.9457102
4.933082,1.7996395,-3.1334426,3.1334426
5.049606,1.7928085,-3.2567973,3.2567973
-1.0,0.22633962,1.2263396,1.2263396
0.38021126,0.22633962,-0.15387164,0.15387164
0.23044893,0.620082,0.3896331,0.3896331
0.6434527,0.620082,-0.023370683,0.023370683
1.6928469,1.0071719,-0.685675,0.685675
1.7250946,1.0071719,-0.7179227,0.7179227
1.7299743,1.0071719,-0.7228024,0.7228024
1.4166405,1.0071719,-0.40946865,0.40946865
1.608526,1.0071719,-0.6013541,0.6013541
1.7067178,1.0071719,-0.699546,0.699546
-0.69897,-0.26532,0.43365002,0.43365002
-3.136677,-1.0238385,2.1128385,2.1128385
-3.136677,-1.0238385,2.1128385,2.1128385
-1.0362122,-0.44092542,0.5952868,0.5952868
-1.1191864,-0.43230903,0.68687737,0.68687737
0.30103,0.49786508,0.19683507,0.19683507
-0.07058106,0.49786508,0.56844616,0.56844616
0.7160033,0.49786508,-0.21813822,0.21813822
2.9344985,1.2756152,-1.6588833,1.6588833
3.3424227,1.2756152,-2.0668075,2.0668075
2.82866,1.1744895,-1.6541705,1.6541705
-2.6575773,-0.3543259,2.3032513,2.3032513
-0.82390875,0.15872335,0.9826321,0.9826321
-0.69897,-0.30747277,0.39149725,0.39149725
-0.21467015,0.1795744,0.39424455,0.39424455
-0.18708666,0.16155228,0.34863895,0.34863895
0.22530927,0.16624434,-0.059064925,0.059064925
0.32221928,-0.3372429,-0.6594622,0.6594622
0.5250448,0.14658041,-0.3784644,0.3784644
0.6532125,-0.36150426,-1.0147167,1.0147167
0.6901961,0.16813944,-0.52205664,0.52205664
-0.69897,0.38023794,1.0792079,1.0792079
-0.69897,0.38023794,1.0792079,1.0792079
-0.67778075,0.38023794,1.0580187,1.0580187
-0.55284196,0.38023794,0.9330799,0.9330799
-0.43179828,0.5270473,0.95884556,0.95884556
0.0,0.5270473,0.5270473,0.5270473
0.06069783,0.38023794,0.3195401,0.3195401
0.12385166,0.38023794,0.25638628,0.25638628
0.3424227,0.38023794,0.037815243,0.037815243
0.6901961,0.5270473,-0.16314882,0.16314882
0.44715804,0.38023794,-0.0669201,0.0669201
0.770852,0.5270473,-0.24380475,0.24380475
0.6201361,0.40302137,-0.21711472,0.21711472
0.6201361,0.40302137,-0.21711472,0.21711472
1.2787536,0.5270473,-0.75170636,0.75170636
1.5910646,0.5270473,-1.0640173,1.0640173
3.9057958,1.6354094,-2.2703865,2.2703865
-0.838632,-0.5173689,0.32126307,0.32126307
-0.92081875,-0.5173689,0.40344983,0.40344983
-1.632644,-0.543322,1.0893221,1.0893221
-1.4775558,-0.543322,0.9342337,0.9342337
-1.4775558,-0.543322,0.9342337,0.9342337
-1.39794,-0.543322,0.854618,0.854618
-0.3467875,-0.03548646,0.31130105,0.31130105
-0.30103,-0.034898102,0.2661319,0.2661319
-0.045757502,-0.037414968,0.008342534,0.008342534
0.0,-0.030784488,-0.030784488,0.030784488
0.07918126,-0.059127092,-0.13830835,0.13830835
0.23044893,-0.044567227,-0.27501616,0.27501616
0.41497332,-0.031129122,-0.44610244,0.44610244
0.9542425,-0.025039643,-0.97928214,0.97928214
1.20412,-0.025039643,-1.2291597,1.2291597
1.763428,-0.025039643,-1.7884676,1.7884676
3.2787535,1.3418841,-1.9368694,1.9368694
3.1095786,0.62742996,-2.4821486,2.4821486
1.447158,0.62742996,-0.819728,0.819728
-1.4202164,-0.32514364,1.0950727,1.0950727
-1.4202164,-0.32514364,1.0950727,1.0950727
-1.1249387,-0.6579395,0.46699923,0.46699923
0.58357656,1.0791316,0.49555504,0.49555504
0.7781513,1.0791316,0.30098033,0.30098033
1.6690068,1.0791316,-0.5898752,0.5898752
1.9628427,1.0791316,-0.8837111,0.8837111
-1.154902,-0.462884,0.692018,0.692018
-1.0,-0.462884,0.537116,0.537116
-0.9586073,-0.462884,0.4957233,0.4957233
-0.28399667,-0.462884,-0.17888734,0.17888734
2.5732198,1.1079626,-1.4652572,1.4652572
0.98227125,1.0312595,0.048988283,0.048988283
2.748188,1.0312595,-1.7169285,1.7169285
1.39794,1.0312595,-0.3666805,0.3666805
0.80482066,0.7078517,-0.09696895,0.09696895
-0.69897,0.7078517,1.4068217,1.4068217
0.6404814,0.72829485,0.08781344,0.08781344
1.0934217,0.72554666,-0.36787504,0.36787504
0.0128372125,0.7078517,0.6950145,0.6950145
0.8088859,0.7295711,-0.07931477,0.07931477
0.32837963,0.72554666,0.39716703,0.39716703
0.41329974,0.72829485,0.3149951,0.3149951
0.5024271,0.72829485,0.22586775,0.22586775
0.67209786,0.7295711,0.057473242,0.057473242
0.8312297,0.72554666,-0.10568303,0.10568303
0.9375179,0.7295711,-0.20794678,0.20794678
1.0863599,0.73433805,-0.3520218,0.3520218
1.4727565,0.73433805,-0.73841846,0.73841846
1.3312248,0.73433805,-0.59688675,0.59688675
0.79934055,0.7442919,-0.055048645,0.055048645
0.8808136,0.7442919,-0.1365217,0.1365217
2.5797837,1.3042059,-1.2755778,1.2755778
0.5831988,1.2883139,0.7051151,0.7051151
-0.30103,1.3042059,1.6052359,1.6052359
0.23044893,0.91157746,0.6811285,0.6811285
0.3424227,0.9069175,0.56449485,0.56449485
0.36172783,1.3042059,0.94247806,0.94247806
0.7781513,1.2883139,0.5101626,0.5101626
1.0413927,1.2883139,0.24692118,0.24692118
2.7134905,1.2883139,-1.4251766,1.4251766
2.7781513,1.2883139,-1.4898374,1.4898374
1.8512584,1.3042059,-0.5470525,0.5470525
1.8847953,0.90919536,-0.97559994,0.97559994
2.346353,1.3042059,-1.0421472,1.0421472
2.0791812,1.317818,-0.76136315,0.76136315
2.230449,1.317818,-0.9126309,0.9126309
2.283301,1.3042059,-0.9790952,0.9790952
2.365488,1.3042059,-1.0612822,1.0612822
2.3838153,1.3042059,-1.0796094,1.0796094
2.4116197,0.91930264,-1.492317,1.492317
2.457882,1.3042059,-1.153676,1.153676
2.6344774,1.3042059,-1.3302715,1.3302715
2.69897,1.3042059,-1.3947642,1.3947642
2.69897,1.3042059,-1.3947642,1.3947642
2.69897,1.3042059,-1.3947642,1.3947642
2.79588,1.3042059,-1.4916742,1.4916742
2.8859262,1.3042059,-1.5817204,1.5817204
3.0,1.3042059,-1.6957941,1.6957941
3.3675423,1.3042059,-2.0633364,2.0633364
3.198657,1.2470315,-1.9516256,1.9516256
3.2013972,1.2883139,-1.9130833,1.9130833
3.30103,1.3042059,-1.996824,1.996824
3.50515,1.317818,-2.1873322,2.1873322
6.0293837,1.8145056,-4.214878,4.214878
2.3747482,1.3540726,-1.0206757,1.0206757
2.3747482,1.3540726,-1.0206757,1.0206757
2.5910647,1.1826758,-1.4083889,1.4083889
0.41497332,0.36858857,-0.04638475,0.04638475
-0.63827217,-0.13603944,0.50223273,0.50223273
-0.2596373,0.01737222,0.27700952,0.27700952
-0.14874166,-0.114263475,0.034478188,0.034478188
-0.07572073,-0.13988245,-0.06416172,0.06416172
0.3424227,-0.114263475,-0.45668617,0.45668617
0.6053051,-0.13603944,-0.7413445,0.7413445
0.7075702,-0.13988245,-0.84745264,0.84745264
1.4281348,0.01737222,-1.4107625,1.4107625
-0.61978877,0.5042518,1.1240406,1.1240406
-0.25181198,0.51945674,0.7712687,0.7712687
0.0,0.5074252,0.5074252,0.5074252
0.041392695,0.47592765,0.43453497,0.43453497
0.14612803,0.5517298,0.40560177,0.40560177
0.17609125,0.44745243,0.27136117,0.27136117
0.30103,0.5277486,0.22671857,0.22671857
0.36172783,0.54142,0.17969215,0.17969215
0.47712126,0.55772984,0.08060858,0.08060858
0.61278385,0.56378114,-0.049002707,0.049002707
1.3222193,0.57487184,-0.7473474,0.7473474
4.079181,1.5292177,-2.5499635,2.5499635
4.217484,1.5228009,-2.694683,2.694683
0.7160033,0.49786508,-0.21813822,0.21813822
1.2148439,0.9738862,-0.24095768,0.24095768
1.230449,0.9738862,-0.25656277,0.25656277
1.39794,0.9738862,-0.42405385,0.42405385
1.4771212,0.9738862,-0.50323504,0.50323504
2.6354837,1.3537345,-1.2817492,1.2817492
0.69897,-0.06904936,-0.7680194,0.7680194
1.2121875,0.65811163,-0.5540759,0.5540759
1.133539,-0.5173689,-1.6509079,1.6509079
0.19312458,-0.5115367,-0.7046613,0.7046613
0.6693169,1.0903914,0.4210745,0.4210745
0.69897,1.108777,0.40980703,0.40980703
0.7075702,1.064492,0.3569218,0.3569218
1.1303338,1.0601676,-0.07016623,0.07016623
1.7075702,1.0813185,-0.6262517,0.6262517
1.5550945,0.9401174,-0.61497706,0.61497706
1.7075702,1.0813185,-0.6262517,0.6262517
2.1139433,0.9401174,-1.173826,1.173826
0.20412,0.073800504,-0.13031949,0.13031949
0.20412,0.073800504,-0.13031949,0.13031949
0.3424227,0.08992159,-0.2525011,0.2525011
0.3424227,0.08992159,-0.2525011,0.2525011
0.064457975,0.35847467,0.2940167,0.2940167
0.7242759,0.35295537,-0.37132052,0.37132052
0.7075702,0.33827496,-0.36929524,0.36929524
0.76342803,0.31684604,-0.446582,0.446582
-0.61978877,0.86189485,1.4816836,1.4816836
-0.39794,0.84951776,1.2474577,1.2474577
0.07918126,0.8479812,0.76879996,0.76879996
0.50514996,0.86294186,0.3577919,0.3577919
0.50514996,0.86294186,0.3577919,0.3577919
0.50514996,0.86294186,0.3577919,0.3577919
0.60206,0.86716783,0.2651078,0.2651078
0.9777236,1.1110148,0.13329124,0.13329124
1.0413927,0.8721948,-0.16919786,0.16919786
1.1271048,1.1198618,-0.007242918,0.007242918
1.7275413,1.1125381,-0.6150032,0.6150032
1.9355073,1.1125381,-0.8229692,0.8229692
2.0614524,1.1198618,-0.94159055,0.94159055
2.20412,1.0271723,-1.1769476,1.1769476
2.8325088,1.1110148,-1.721494,1.721494
2.518514,0.86195165,-1.6565623,1.6565623
2.518514,0.86195165,-1.6565623,1.6565623
2.518514,0.86195165,-1.6565623,1.6565623
2.518514,0.86195165,-1.6565623,1.6565623
2.4756713,0.8575434,-1.6181278,1.6181278
2.0305998,0.6616932,-1.3689066,1.3689066
2.6434526,0.6616932,-1.9817594,1.9817594
-0.60206,0.6272911,1.229351,1.229351
1.7269716,0.64280635,-1.0841653,1.0841653
0.8267225,0.6616932,-0.16502929,0.16502929
-0.3635121,0.63596725,0.99947935,0.99947935
-0.045757502,0.6791558,0.72491336,0.72491336
-0.124938734,0.62706214,0.75200087,0.75200087
-0.124938734,0.62706214,0.75200087,0.75200087
-0.09691001,0.6616932,0.7586032,0.7586032
-0.0222764,0.6616932,0.6839696,0.6839696
-0.045757502,0.66595715,0.7117146,0.7117146
-0.036212165,0.66595715,0.7021693,0.7021693
0.02118928,0.64280635,0.6216171,0.6216171
0.12385166,0.61426115,0.4904095,0.4904095
0.13987908,0.63596725,0.49608818,0.49608818
0.17609125,0.6810049,0.5049136,0.5049136
0.22271647,0.63596725,0.4132508,0.4132508
0.2552725,0.66595715,0.41068465,0.41068465
0.2624511,0.61426115,0.35181004,0.35181004
0.30103,0.63596725,0.33493724,0.33493724
0.3424227,0.64280635,0.30038366,0.30038366
0.3673559,0.63596725,0.26861134,0.26861134
0.38021126,0.66595715,0.2857459,0.2857459
0.39794,0.6272911,0.22935107,0.22935107
0.60206,0.6791558,0.07709581,0.07709581
0.39794,0.6616932,0.2637532,0.2637532
0.49136168,0.6616932,0.17033154,0.17033154
0.47712126,0.64280635,0.16568509,0.16568509
0.47712126,0.61426115,0.13713989,0.13713989
0.47712126,0.61426115,0.13713989,0.13713989
0.5010593,0.63596725,0.13490796,0.13490796
0.50514996,0.6791558,0.17400587,0.17400587
0.52244425,0.64280635,0.1203621,0.1203621
0.54406804,0.6616932,0.11762518,0.11762518
0.54406804,0.6272911,0.083223045,0.083223045
0.54406804,0.6272911,0.083223045,0.083223045
0.5682017,0.79510474,0.22690302,0.22690302
0.5831988,0.62706214,0.043863356,0.043863356
0.60206,0.63379186,0.031731844,0.031731844
0.6364879,0.64280635,0.00631845,0.00631845
0.69897,0.6749141,-0.024055898,0.024055898
0.69897,0.6158292,-0.08314079,0.08314079
1.1673173,0.6791558,-0.48816144,0.48816144
0.80618,0.79510474,-0.011075258,0.011075258
1.1903317,0.6791558,-0.5111759,0.5111759
0.8260748,0.6791558,-0.14691895,0.14691895
2.1553361,0.6616932,-1.4936429,1.4936429
0.85125834,0.6749141,-0.17634422,0.17634422
0.8750613,0.62706214,-0.24799913,0.24799913
0.9294189,0.79510474,-0.13431418,0.13431418
0.9542425,0.62706214,-0.3271804,0.3271804
0.9867717,0.66595715,-0.32081455,0.32081455
1.1760913,0.6791558,-0.4969355,0.4969355
1.0211893,0.64280635,-0.37838298,0.37838298
1.064458,0.66069525,-0.40376276,0.40376276
1.0681858,0.6749141,-0.39327168,0.39327168
1.1139433,0.62706214,-0.4868812,0.4868812
1.1712388,0.6791558,-0.49208295,0.49208295
1.7474118,0.6616932,-1.0857186,1.0857186
1.3364598,0.6791558,-0.6573039,0.6573039
1.4313638,0.79510474,-0.6362591,0.6362591
1.5378191,0.9735669,-0.56425226,0.56425226
1.5910646,0.6616932,-0.92937136,0.92937136
1.6263404,0.9735669,-0.6527735,0.6527735
1.6720978,0.79510474,-0.87699306,0.87699306
1.6766936,0.6749141,-1.0017794,1.0017794
1.6884198,0.66069525,-1.0277245,1.0277245
1.9227254,0.66069525,-1.2620301,1.2620301
1.9637878,0.66069525,-1.3030925,1.3030925
2.064458,0.9735669,-1.090891,1.090891
2.0681858,0.9735669,-1.0946189,1.0946189
2.075547,0.9735669,-1.1019801,1.1019801
2.1522884,0.9735669,-1.1787215,1.1787215
2.230449,0.9735669,-1.2568821,1.2568821
-1.4559319,0.04932505,1.5052569,1.5052569
-0.30103,0.04932505,0.35035506,0.35035506
-0.35654733,0.04932505,0.40587237,0.40587237
0.14612803,0.04932505,-0.09680298,0.09680298
0.9190781,0.04932505,-0.86975306,0.86975306
0.9912261,0.04932505,-0.941901,0.941901
-3.2596374,-1.2098355,2.0498018,2.0498018
-0.32239303,-0.12018627,0.20220676,0.20220676
1.8506463,0.17427227,-1.676374,1.676374
1.0253059,1.2366865,0.2113806,0.2113806
1.0374265,1.2169886,0.17956209,0.17956209
1.7781513,1.1891088,-0.5890424,0.5890424
2.5740314,1.1829219,-1.3911095,1.3911095
1.8260748,1.1777225,-0.6483524,0.6483524
1.8692317,1.1919439,-0.6772878,0.6772878
3.5943925,1.2449143,-2.3494782,2.3494782
2.2329962,1.1811643,-1.051832,1.051832
2.2624512,1.3576472,-0.904804,0.904804
2.346353,1.1575904,-1.1887627,1.1887627
2.8920946,1.3576472,-1.5344474,1.5344474
2.454845,1.1773747,-1.2774702,1.2774702
2.507856,1.240509,-1.2673469,1.2673469
2.5865872,1.2319405,-1.3546467,1.3546467
2.6242821,1.2444968,-1.3797853,1.3797853
2.6294096,1.2373021,-1.3921075,1.3921075
2.6532125,1.3017604,-1.3514521,1.3514521
3.1731863,1.3576472,-1.8155391,1.8155391
1.4216039,0.93558115,-0.48602277,0.48602277
1.90309,0.69392234,-1.2091677,1.2091677
2.153205,1.1267045,-1.0265005,1.0265005
-0.10790541,0.62742996,0.73533535,0.73533535
0.11394334,0.62742996,0.5134866,0.5134866
0.67209786,0.62742996,-0.0446679,0.0446679
0.53147894,0.62742996,0.09595102,0.09595102
0.59106463,0.62742996,0.03636533,0.03636533
0.9777236,0.8553133,-0.1224103,0.1224103
0.81291336,0.620082,-0.19283134,0.19283134
0.6434527,0.620082,-0.023370683,0.023370683
0.4065402,0.9348596,0.52831936,0.52831936
0.748188,0.9348596,0.18667156,0.18667156
1.146128,0.9348596,-0.21126848,0.21126848
1.8518696,0.9348596,-0.91701,0.91701
1.9242793,0.9348596,-0.98941976,0.98941976
1.9116901,0.9348596,-0.97683054,0.97683054
2.0043213,0.9348596,-1.0694618,1.0694618
2.0530784,0.9348596,-1.1182189,1.1182189
0.2787536,0.69392234,0.41516873,0.41516873
0.5185139,0.69392234,0.17540842,0.17540842
1.230449,0.69392234,-0.5365266,0.5365266
2.518514,1.1072638,-1.4112501,1.4112501
-0.43179828,0.30612344,0.7379217,0.7379217
-0.050610002,0.30612344,0.35673344,0.35673344
0.037426513,0.30612344,0.26869693,0.26869693
1.146128,0.30612344,-0.8400046,0.8400046
1.1760913,0.8469133,-0.32917804,0.32917804
0.2552725,0.9956484,0.7403759,0.7403759
2.1931245,0.9956484,-1.1974761,1.1974761
1.8633229,1.2228801,-0.6404427,0.6404427
2.2764618,1.2228801,-1.0535817,1.0535817
2.6857417,1.2228801,-1.4628615,1.4628615
2.544068,1.5376678,-1.0064003,1.0064003
3.182985,1.3080952,-1.8748899,1.8748899
-1.2839967,-0.6327341,0.6512626,0.6512626
-0.4685211,1.0679104,1.5364316,1.5364316
-0.1023729,1.0707741,1.173147,1.173147
0.2121876,1.0854015,0.87321395,0.87321395
2.5477748,1.0859034,-1.4618714,1.4618714
2.30103,1.0859034,-1.2151265,1.2151265
2.3909352,1.074127,-1.3168082,1.3168082
2.5865872,1.0764518,-1.5101354,1.5101354
2.6532125,1.0850849,-1.5681276,1.5681276
2.689309,1.0899905,-1.5993184,1.5993184
3.0580463,1.1096044,-1.948442,1.948442
0.9169801,0.83746463,-0.07951546,0.07951546
-1.061981,-0.008543372,1.0534376,1.0534376
-1.9393022,-0.008543372,1.9307588,1.9307588
-1.3467875,-0.008543372,1.3382441,1.3382441
-1.154902,-0.008543372,1.1463586,1.1463586
-0.6635403,-0.008543372,0.65499693,0.65499693
-0.87614834,-0.008543372,0.867605,0.867605
-0.10623824,-0.008543372,0.09769487,0.09769487
-0.37986395,-0.008543372,0.37132058,0.37132058
0.30103,-0.008543372,-0.30957338,0.30957338
0.63346845,-0.031129122,-0.6645976,0.6645976
0.7403627,-0.031129122,-0.7714918,0.7714918
0.90309,-0.031129122,-0.9342191,0.9342191
1.4969296,-0.031129122,-1.5280588,1.5280588
1.0530784,-0.031129122,-1.0842075,1.0842075
-1.3467875,-0.22416013,1.1226273,1.1226273
-1.154902,-0.22416013,0.93074185,0.93074185
-1.0705811,-0.21860152,0.85197955,0.85197955
-0.15490197,-0.20546085,-0.05055888,0.05055888
-0.30103,-0.22956127,0.07146874,0.07146874
-0.30103,-0.22956127,0.07146874,0.07146874
-0.15490197,-0.20546085,-0.05055888,0.05055888
-0.124938734,-0.22589451,-0.10095578,0.10095578
-0.11350928,-0.24388671,-0.13037743,0.13037743
-0.036212165,-0.23808473,-0.20187257,0.20187257
-0.0132282525,-0.23385066,-0.2206224,0.2206224
-0.0087739155,-0.23720902,-0.2284351,0.2284351
0.033423774,-0.24195349,-0.27537727,0.27537727
0.041392695,-0.23376483,-0.2751575,0.2751575
0.8325089,-0.22144896,-1.0539579,1.0539579
0.053078443,-0.2222802,-0.27535865,0.27535865
0.12385166,-0.20023566,-0.32408732,0.32408732
0.26717174,-0.24388671,-0.51105845,0.51105845
0.4502491,-0.23385066,-0.6840998,0.6840998
0.45484483,-0.23376483,-0.68860966,0.68860966
0.47712126,-0.22891802,-0.7060393,0.7060393
0.4885507,-0.23563236,-0.7241831,0.7241831
0.63548374,-0.23720902,-0.87269276,0.87269276
0.6794279,-0.22412986,-0.9035578,0.9035578
0.8325089,-0.22144896,-1.0539579,1.0539579
0.84010607,-0.20023566,-1.0403417,1.0403417
0.85248,-0.23123437,-1.0837144,1.0837144
2.0170333,1.092458,-0.9245753,0.9245753
3.3424227,1.2756152,-2.0668075,2.0668075
-1.6382722,-0.6158654,1.0224068,1.0224068
-0.4202164,-0.6158654,-0.195649,0.195649
1.146128,0.5820883,-0.56403977,0.56403977
0.9444827,0.5820883,-0.3623944,0.3623944
1.0,0.5820883,-0.4179117,0.4179117
0.5037907,0.5680423,0.0642516,0.0642516
0.90309,0.5680423,-0.33504772,0.33504772
-0.60206,0.5680423,1.1701024,1.1701024
3.1634595,0.5680423,-2.5954173,2.5954173
0.7403627,0.5680423,-0.17232043,0.17232043
1.8512584,0.5680423,-1.2832161,1.2832161
1.7038071,0.5680423,-1.1357648,1.1357648
-0.22914799,0.5680423,0.79719025,0.79719025
-1.3665315,0.5680423,1.9345738,1.9345738
2.0334237,0.5680423,-1.4653814,1.4653814
1.3765769,0.5680423,-0.8085346,0.8085346
-3.2676063,0.5680423,3.8356485,3.8356485
0.04921802,0.5680423,0.5188243,0.5188243
-0.11918641,0.5680423,0.6872287,0.6872287
-0.08990946,0.5680423,0.6579517,0.6579517
2.1522884,0.5680423,-1.5842462,1.5842462
-0.49485,0.5680423,1.0628923,1.0628923
2.0845764,0.5680423,-1.5165341,1.5165341
0.4913617,0.5680423,0.07668057,0.07668057
-3.0,0.5680423,3.5680423,3.5680423
-1.4089354,0.5680423,1.9769777,1.9769777
-2.6575773,0.5680423,3.2256196,3.2256196
-0.52287877,0.5680423,1.090921,1.090921
-1.0555173,0.5680423,1.6235596,1.6235596
1.3710679,0.5680423,-0.8030256,0.8030256
0.7781513,0.5680423,-0.210109,0.210109
-2.69897,0.5680423,3.2670124,3.2670124
3.2786317,0.5680423,-2.7105894,2.7105894
-0.25181198,0.5680423,0.81985426,0.81985426
1.39794,0.5680423,-0.82989776,0.82989776
2.2198465,0.5680423,-1.6518042,1.6518042
1.1172713,0.5680423,-0.549229,0.549229
1.230449,0.5680423,-0.6624067,0.6624067
0.47712126,0.5680423,0.090921015,0.090921015
2.5365584,0.5680423,-1.9685161,1.9685161
0.94939,0.5680423,-0.38134772,0.38134772
-0.096910015,0.5680423,0.6649523,0.6649523
1.9777236,0.5680423,-1.4096813,1.4096813
2.3909352,0.5680423,-1.8228929,1.8228929
-0.37986395,0.5680423,0.94790626,0.94790626
0.69897,0.5680423,-0.13092774,0.13092774
1.7075702,0.5680423,-1.1395279,1.1395279
4.079181,0.5680423,-3.511139,3.511139
0.9956352,0.5680423,-0.42759293,0.42759293
-1.4202164,0.5680423,1.9882587,1.9882587
2.1749315,0.5680423,-1.6068892,1.6068892
0.47712126,0.5680423,0.090921015,0.090921015
-1.6777807,0.5680423,2.245823,2.245823
2.9532764,0.5680423,-2.385234,2.385234
1.39794,0.5680423,-0.82989776,0.82989776
1.0346285,0.5680423,-0.46658623,0.46658623
2.0863597,0.5680423,-1.5183175,1.5183175
-0.35654733,0.5680423,0.92458963,0.92458963
0.28330123,0.5680423,0.28474104,0.28474104
0.029383779,0.5680423,0.5386585,0.5386585
-1.4559319,0.5680423,2.0239742,2.0239742
-0.6090649,0.5680423,1.1771071,1.1771071
-1.0619808,0.5680423,1.6300231,1.6300231
-1.69897,0.5680423,2.2670121,2.2670121
2.1964526,0.5680423,-1.6284103,1.6284103
-1.3467875,0.5680423,1.9148297,1.9148297
0.30103,0.5680423,0.26701227,0.26701227
2.6434526,0.5680423,-2.0754104,2.0754104
0.6232493,0.5680423,-0.055207014,0.055207014
1.0413927,0.5680423,-0.4733504,0.4733504
0.17609125,0.5680423,0.39195102,0.39195102
-0.98716277,0.5680423,1.5552051,1.5552051
-1.3665315,0.5680423,1.9345738,1.9345738
-0.5543958,0.5680423,1.1224381,1.1224381
-0.9586073,0.5680423,1.5266496,1.5266496
0.17609125,0.5680423,0.39195102,0.39195102
0.30103,0.5680423,0.26701227,0.26701227
0.80550086,0.5680423,-0.23745859,0.23745859
0.07918125,0.5680423,0.48886102,0.48886102
-1.69897,0.5680423,2.2670121,2.2670121
-3.136677,0.5680423,3.7047193,3.7047193
-1.3467875,0.5680423,1.9148297,1.9148297
0.701568,0.5680423,-0.13352573,0.13352573
1.6690068,0.5680423,-1.1009645,1.1009645
2.064458,0.5680423,-1.4964156,1.4964156
1.1398791,0.5680423,-0.5718368,0.5718368
5.049606,0.5680423,-4.4815636,4.4815636
-1.0809219,0.5680423,1.6489642,1.6489642
0.924796,0.5680423,-0.3567537,0.3567537
1.3692158,0.5680423,-0.80117357,0.80117357
1.6232493,0.5680423,-1.055207,1.055207
1.1760913,0.5680423,-0.60804904,0.60804904
3.5737996,0.5680423,-3.0057573,3.0057573
1.0253059,0.5680423,-0.4572636,0.4572636
0.61278385,0.5680423,-0.04474157,0.04474157
1.5224442,0.5680423,-0.95440197,0.95440197
0.54406804,0.5680423,0.02397424,0.02397424
1.8750613,0.5680423,-1.307019,1.307019
0.11394335,0.5680423,0.45409894,0.45409894
0.69897,0.5680423,-0.13092774,0.13092774
-0.4202164,0.5680423,0.9882587,0.9882587
2.1105897,0.5680423,-1.5425475,1.5425475
-1.7367586,0.5680423,2.304801,2.304801
-3.79588,0.5680423,4.363922,4.363922
-1.5228788,0.5680423,2.090921,2.090921
1.367356,0.5680423,-0.79931366,0.79931366
-1.9393022,0.5680423,2.5073445,2.5073445
-0.5850267,0.5680423,1.153069,1.153069
-0.928118,0.5680423,1.4961603,1.4961603
-0.5257837,0.5680423,1.093826,1.093826
2.3909352,0.5680423,-1.8228929,1.8228929
1.0,0.5680423,-0.43195772,0.43195772
0.004321374,0.5680423,0.5637209,0.5637209
2.2900345,0.5680423,-1.7219923,1.7219923
3.8750613,0.5680423,-3.307019,3.307019
2.447158,0.5680423,-1.8791158,1.8791158
-0.9586073,0.5680423,1.5266496,1.5266496
1.8864907,0.5680423,-1.3184484,1.3184484
1.64836,0.5680423,-1.0803177,1.0803177
0.08990511,0.5680423,0.47813717,0.47813717
2.1931245,0.5680423,-1.6250823,1.6250823
-2.30103,0.5680423,2.8690722,2.8690722
1.7474118,0.5680423,-1.1793696,1.1793696
1.5314789,0.5680423,-0.9634366,0.9634366
0.5682017,0.5680423,-0.00015944242,0.00015944242
-2.6575773,0.5680423,3.2256196,3.2256196
2.518514,0.5680423,-1.9504716,1.9504716
0.9190781,0.5680423,-0.35103583,0.35103583
-0.04575749,0.5680423,0.61379975,0.61379975
0.041392684,0.5680423,0.5266496,0.5266496
4.217484,0.5680423,-3.6494417,3.6494417
0.38021123,0.5680423,0.18783104,0.18783104
1.1303338,0.5680423,-0.5622915,0.5622915
0.025305865,0.5680423,0.5427364,0.5427364
-0.6143937,0.5680423,1.182436,1.182436
3.690196,0.5680423,-3.1221538,3.1221538
-1.309804,0.5680423,1.8778462,1.8778462
1.0,0.5680423,-0.43195772,0.43195772
0.14612803,0.5680423,0.42191425,0.42191425
-0.82390875,0.5680423,1.3919511,1.3919511
2.665581,0.5680423,-2.0975387,2.0975387
-1.0,0.5680423,1.5680423,1.5680423
1.4149734,0.5680423,-0.8469311,0.8469311
0.0,0.5680423,0.5680423,0.5680423
0.4065402,0.5680423,0.1615021,0.1615021
-1.79588,0.5680423,2.363922,2.363922
1.6720978,0.5680423,-1.1040555,1.1040555
-1.5850266,0.5680423,2.153069,2.153069
-1.4559319,0.5680423,2.0239742,2.0239742
1.90309,0.5680423,-1.3350477,1.3350477
0.50514996,0.5680423,0.06289232,0.06289232
-2.7447276,0.5680423,3.31277,3.31277
-1.0,0.5680423,1.5680423,1.5680423
-1.853872,0.5680423,2.421914,2.421914
-1.3467875,0.5680423,1.9148297,1.9148297
0.11058971,0.5680423,0.45745257,0.45745257
2.4941547,0.5680423,-1.9261124,1.9261124
-0.7447275,0.5680423,1.3127698,1.3127698
0.8976271,0.5680423,-0.32958484,0.32958484
-0.5740313,0.5680423,1.1420736,1.1420736
0.60206,0.5680423,-0.03401774,0.03401774
1.0,0.5680423,-0.43195772,0.43195772
-0.56863624,0.5680423,1.1366785,1.1366785
0.23552845,0.5680423,0.3325138,0.3325138
1.1712388,0.5680423,-0.6031965,0.6031965
4.0086,0.5680423,-3.440558,3.440558
0.3283796,0.5680423,0.23966268,0.23966268
-0.34678748,0.5680423,0.91482973,0.91482973
-0.66354024,0.5680423,1.2315825,1.2315825
-0.45717457,0.5680423,1.0252168,1.0252168
